,school,sex,age,address,famsize,Pstatus,Medu,Fedu,traveltime,studytime,failures,schoolsup,famsup,paid,activities,nursery,higher,internet,romantic,famrel,freetime,goout,Dalc,Walc,health,absences,G1,G2,G3,Mjob_health,Mjob_other,Mjob_services,Mjob_teacher,Fjob_health,Fjob_other,Fjob_services,Fjob_teacher,reason_home,other,reputation,guardian_mother,guardian_other
0,1,1,18,1,0,0,4,4,2,2,0,1,0,0,0,1,1,0,0,4,3,4,1,1,3,4,0,11,11,0,0,0,0,0,0,0,1,0,0,0,1,0
1,1,1,17,1,0,1,1,1,1,2,0,0,1,0,0,0,1,1,0,5,3,3,1,1,3,2,9,11,11,0,0,0,0,0,1,0,0,0,0,0,0,0
2,1,1,15,1,1,1,1,1,1,2,0,1,0,0,0,1,1,1,0,4,3,2,2,3,3,6,12,13,12,0,0,0,0,0,1,0,0,0,1,0,1,0
3,1,1,15,1,0,1,4,2,1,3,0,0,1,0,1,1,1,1,1,3,2,2,1,1,5,0,14,14,14,1,0,0,0,0,0,1,0,1,0,0,1,0
4,1,1,16,1,0,1,3,3,1,2,0,0,1,0,0,1,1,0,0,4,3,2,1,2,5,0,11,13,13,0,1,0,0,0,1,0,0,1,0,0,0,0
5,1,0,16,1,1,1,4,3,1,2,0,0,1,0,1,1,1,1,0,5,4,2,1,2,5,6,12,12,13,0,0,1,0,0,1,0,0,0,0,1,1,0
6,1,0,16,1,1,1,2,2,1,2,0,0,0,0,0,1,1,1,0,4,4,4,1,1,3,0,13,12,13,0,1,0,0,0,1,0,0,1,0,0,1,0
7,1,1,17,1,0,0,4,4,2,2,0,1,1,0,0,1,1,0,0,4,1,4,1,1,1,2,10,13,13,0,1,0,0,0,0,0,1,1,0,0,1,0
8,1,0,15,1,1,0,3,2,1,2,0,0,1,0,0,1,1,1,0,4,2,2,1,1,1,0,15,16,17,0,0,1,0,0,1,0,0,1,0,0,1,0
9,1,0,15,1,0,1,3,4,1,2,0,0,1,0,1,1,1,1,0,5,5,1,1,1,5,0,12,12,13,0,1,0,0,0,1,0,0,1,0,0,1,0
10,1,1,15,1,0,1,4,4,1,2,0,0,1,0,0,1,1,1,0,3,3,3,1,2,2,2,14,14,14,0,0,0,1,1,0,0,0,0,0,1,1,0
11,1,1,15,1,0,1,2,1,3,3,0,0,1,0,1,1,1,1,0,5,2,2,1,1,4,0,10,12,13,0,0,1,0,0,1,0,0,0,0,1,0,0
12,1,0,15,1,1,1,4,4,1,1,0,0,1,0,1,1,1,1,0,4,3,3,1,3,5,0,12,13,12,1,0,0,0,0,0,1,0,0,0,0,0,0
13,1,0,15,1,0,1,4,3,2,2,0,0,1,0,0,1,1,1,0,5,4,3,1,2,3,0,12,12,13,0,0,0,1,0,1,0,0,0,0,0,1,0
14,1,0,15,1,0,0,2,2,1,3,0,0,1,0,0,1,1,1,1,4,5,2,1,1,3,0,14,14,15,0,1,0,0,0,1,0,0,1,0,0,0,1
15,1,1,16,1,0,1,4,4,1,1,0,0,1,0,0,1,1,1,0,4,4,4,1,2,2,6,17,17,17,1,0,0,0,0,1,0,0,1,0,0,1,0
16,1,1,16,1,0,1,4,4,1,3,0,0,1,0,1,1,1,1,0,3,2,3,1,2,2,10,13,13,14,0,0,1,0,0,0,1,0,0,0,1,1,0
17,1,1,16,1,0,1,3,3,3,2,0,1,1,0,1,1,1,0,0,5,3,2,1,1,4,2,13,14,14,0,1,0,0,0,1,0,0,0,0,1,1,0
18,1,0,17,1,0,1,3,2,1,1,3,0,1,1,1,1,1,1,0,5,5,5,2,4,5,2,8,8,7,0,0,1,0,0,0,1,0,0,0,0,1,0
19,1,0,16,1,1,1,4,3,1,1,0,0,0,0,1,1,1,1,0,3,1,3,1,3,5,6,12,12,12,1,0,0,0,0,1,0,0,1,0,0,0,0
20,1,0,15,1,0,1,4,3,1,2,0,0,0,0,0,1,1,1,0,4,4,1,1,1,1,0,12,13,14,0,0,0,1,0,1,0,0,0,0,1,1,0
21,1,0,15,1,0,1,4,4,1,1,0,0,1,1,0,1,1,1,0,5,4,2,1,1,5,0,11,12,12,1,0,0,0,1,0,0,0,0,1,0,0,0
22,1,0,16,1,1,1,4,2,1,2,0,0,0,0,1,1,1,1,0,4,5,1,1,3,5,0,12,13,14,0,0,0,1,0,1,0,0,0,0,0,1,0
23,1,0,16,1,1,1,2,2,2,2,0,0,1,0,1,1,1,1,0,5,4,4,2,4,5,2,10,10,10,0,1,0,0,0,1,0,0,0,0,1,1,0
24,1,1,15,0,0,1,2,4,1,3,0,1,1,0,1,1,1,1,0,4,3,2,1,1,5,2,10,11,10,0,0,1,0,1,0,0,0,0,0,0,1,0
25,1,1,16,1,0,1,2,2,1,1,0,0,1,0,0,0,1,1,0,1,2,2,1,3,5,6,10,11,12,0,0,1,0,0,0,1,0,1,0,0,1,0
26,1,0,15,1,0,1,2,2,1,1,0,0,1,0,0,1,1,1,0,4,2,2,1,2,5,8,11,12,12,0,1,0,0,0,1,0,0,1,0,0,1,0
27,1,0,15,1,0,1,4,2,1,1,0,0,0,0,0,1,1,1,0,2,2,4,2,4,1,0,11,11,11,1,0,0,0,0,0,1,0,0,1,0,1,0
28,1,0,16,1,1,0,3,4,1,2,0,1,1,1,1,1,1,1,0,5,3,3,1,1,5,2,12,12,13,0,0,1,0,0,1,0,0,1,0,0,1,0
29,1,0,16,1,0,1,4,4,1,2,0,0,1,1,1,1,1,1,1,4,4,5,5,5,5,4,12,11,12,0,0,0,1,0,0,0,1,1,0,0,1,0
30,1,0,15,1,0,1,4,4,1,2,0,0,1,1,0,0,1,1,0,5,4,2,3,4,5,0,10,11,11,1,0,0,0,0,0,1,0,1,0,0,1,0
31,1,0,15,1,0,1,4,4,2,2,0,0,1,0,1,1,1,1,0,4,3,1,1,1,5,2,15,15,15,0,0,1,0,0,0,1,0,0,0,1,1,0
32,1,0,15,0,0,1,4,3,1,2,0,0,1,0,1,1,1,1,1,4,5,2,1,1,5,0,13,14,15,0,0,0,1,0,0,0,0,0,0,0,1,0
33,1,0,15,1,1,1,3,3,1,2,0,0,0,0,1,0,1,1,0,5,3,2,1,1,2,0,13,12,12,0,1,0,0,0,1,0,0,0,0,0,1,0
34,1,0,16,1,0,1,3,2,1,1,0,0,1,0,0,0,1,1,0,5,4,3,1,1,5,4,12,12,12,0,1,0,0,0,1,0,0,1,0,0,1,0
35,1,1,15,1,0,1,2,3,2,1,0,0,1,0,1,1,1,0,0,3,5,1,1,1,5,4,11,11,11,0,1,0,0,0,1,0,0,0,1,0,0,0
36,1,0,15,1,1,1,4,3,1,3,0,0,1,0,1,1,1,1,0,5,4,3,1,1,4,0,14,14,14,0,0,0,1,0,0,1,0,1,0,0,1,0
37,1,0,16,0,0,0,4,4,2,3,0,0,1,0,1,1,1,1,1,2,4,3,1,1,5,4,13,13,13,0,1,0,0,0,0,0,1,0,0,1,1,0
38,1,1,15,0,0,1,3,4,1,3,0,1,1,0,1,1,1,1,0,4,3,2,1,1,5,2,11,12,12,0,0,1,0,1,0,0,0,0,0,0,1,0
39,1,1,15,0,0,1,2,2,1,1,0,1,1,0,1,1,1,0,0,4,3,1,1,1,2,8,14,13,12,0,0,0,0,0,1,0,0,0,0,1,1,0
40,1,1,16,1,1,1,2,2,2,2,0,0,1,0,1,0,1,1,1,3,3,3,1,2,3,16,11,11,10,0,1,0,0,0,1,0,0,1,0,0,1,0
41,1,0,15,1,1,1,4,4,1,1,0,0,1,0,0,0,1,1,1,5,4,3,2,4,5,8,10,11,11,0,0,0,1,0,1,0,0,1,0,0,0,1
42,1,0,15,1,0,1,4,4,1,2,0,0,1,0,1,1,1,1,0,4,3,3,1,1,5,0,14,15,15,0,0,1,0,0,0,0,1,0,0,0,0,0
43,1,0,15,1,0,1,2,2,1,1,0,1,1,0,0,1,1,1,0,5,4,1,1,1,1,0,9,10,10,0,0,1,0,0,0,1,0,0,0,0,0,0
44,1,1,16,1,1,1,2,2,2,2,1,1,0,0,1,1,1,1,0,4,3,3,2,2,5,14,10,11,11,0,1,0,0,0,0,0,0,0,0,0,0,0
45,1,1,15,1,1,0,4,3,1,2,0,1,1,1,1,1,1,1,1,5,2,2,1,1,5,4,10,11,11,0,1,0,0,0,1,0,0,0,0,0,1,0
46,1,1,16,1,1,0,3,3,1,2,0,0,1,0,0,1,1,1,0,2,3,5,1,4,3,6,13,12,13,0,1,0,0,0,0,1,0,1,0,0,1,0
47,1,0,16,1,0,1,4,3,1,4,0,0,0,0,1,1,1,1,0,4,2,2,1,1,2,2,17,17,17,1,0,0,0,0,0,1,0,0,0,1,1,0
48,1,0,15,1,0,1,4,2,1,2,0,0,1,0,0,1,1,0,0,4,3,3,2,2,5,4,11,12,13,0,0,0,1,0,1,0,0,1,0,0,1,0
49,1,1,15,1,0,1,4,4,1,2,0,1,1,0,1,0,1,1,0,4,4,4,1,1,3,2,13,12,12,0,0,1,0,0,0,0,1,0,1,0,0,0
50,1,1,16,1,1,1,2,2,3,2,0,0,1,0,0,1,1,1,0,4,3,3,2,3,4,0,14,13,13,0,0,1,0,0,0,1,0,0,0,0,1,0
51,1,1,15,1,1,1,4,2,1,2,0,0,1,0,0,1,1,1,0,4,3,3,1,1,5,0,16,14,16,1,0,0,0,0,1,0,0,0,1,0,1,0
52,1,0,15,1,1,0,4,2,2,1,0,0,0,0,0,1,1,0,0,5,5,5,3,4,5,4,10,9,9,1,0,0,0,1,0,0,0,0,1,0,0,0
53,1,1,15,1,0,1,4,4,1,1,0,1,1,0,0,1,1,1,0,3,3,4,2,3,5,0,13,12,12,0,0,1,0,0,0,1,0,0,0,0,1,0
54,1,1,15,1,1,0,3,3,1,1,0,0,0,0,0,1,1,1,0,5,3,4,4,4,1,0,13,12,13,0,1,0,0,0,1,0,0,0,1,0,1,0
55,1,1,16,1,0,0,2,1,1,2,0,0,0,0,1,1,1,1,1,5,3,4,1,1,2,2,12,13,12,0,1,0,0,0,1,0,0,0,1,0,1,0
56,1,1,15,1,0,0,4,3,1,2,0,0,1,0,1,1,1,1,0,4,3,2,1,1,1,0,15,14,15,0,0,1,0,0,0,1,0,0,0,1,1,0
57,1,0,15,1,0,1,4,4,1,2,0,0,1,0,1,1,1,0,0,3,2,2,1,1,5,8,15,15,16,0,0,0,1,1,0,0,0,0,0,1,1,0
58,1,0,15,1,1,1,1,2,1,2,0,1,1,0,1,1,1,1,0,4,3,2,1,1,5,0,14,13,14,0,1,0,0,0,0,0,0,1,0,0,0,0
59,1,1,16,1,0,1,4,2,1,2,0,0,1,1,0,1,1,1,0,4,2,3,1,1,5,2,16,15,16,0,0,1,0,0,1,0,0,0,0,0,1,0
60,1,1,16,0,0,1,4,4,1,2,0,0,1,0,1,1,1,0,0,2,4,4,2,3,4,0,17,16,16,1,0,0,0,0,0,0,1,0,1,0,1,0
61,1,1,16,1,0,1,1,1,4,1,0,1,1,0,1,0,1,1,1,5,5,5,5,5,5,0,10,10,16,0,0,1,0,0,0,1,0,0,0,0,0,0
62,1,1,16,1,1,1,1,2,1,2,0,1,0,0,1,1,1,1,0,4,4,3,1,1,1,0,13,13,10,0,1,0,0,0,0,1,0,0,0,1,0,0
63,1,1,16,1,0,1,4,3,1,3,0,1,1,0,1,1,1,1,0,3,4,4,2,4,4,0,14,13,13,0,0,0,1,1,0,0,0,1,0,0,1,0
64,1,1,15,1,1,1,4,3,1,2,0,1,0,0,1,1,1,1,1,4,4,4,2,4,2,0,13,12,12,0,0,1,0,0,0,1,0,0,0,1,0,0
65,1,1,16,1,1,1,4,3,3,2,0,0,1,0,1,1,1,1,0,5,4,3,1,2,1,2,16,15,16,0,0,0,1,0,0,1,0,0,0,0,1,0
66,1,0,15,1,0,0,4,4,1,4,0,0,1,0,1,0,1,1,1,1,3,3,5,5,3,0,11,12,12,0,1,0,0,0,0,1,0,0,0,1,1,0
67,1,1,16,1,0,1,3,1,1,4,0,1,1,0,0,1,1,1,0,4,3,3,1,2,5,0,10,9,10,0,0,1,0,0,1,0,0,0,0,0,1,0
68,1,1,15,0,1,1,2,2,2,2,0,1,1,0,0,1,1,1,0,4,1,3,1,3,4,0,11,10,11,1,0,0,0,0,0,1,0,0,0,1,1,0
69,1,1,15,0,1,1,3,1,2,4,0,0,1,0,0,0,1,1,0,4,4,2,2,3,3,6,15,15,15,0,1,0,0,0,1,0,0,0,0,1,0,0
70,1,0,16,1,0,1,3,1,2,4,0,0,1,0,0,1,1,1,0,4,3,2,1,1,5,2,13,11,11,0,1,0,0,0,1,0,0,0,0,1,0,0
71,1,0,15,1,0,1,4,2,1,4,0,0,0,0,0,1,1,1,0,3,3,3,1,1,3,0,11,9,10,0,1,0,0,0,1,0,0,0,0,0,1,0
72,1,1,15,0,0,1,1,1,1,2,0,1,1,0,0,0,1,1,1,3,3,4,2,4,5,2,13,11,11,0,1,0,0,0,1,0,0,0,0,1,1,0
73,1,0,16,1,0,1,3,1,1,1,0,0,0,0,1,1,1,0,0,5,3,2,2,2,5,0,13,13,14,0,1,0,0,0,1,0,0,0,0,1,1,0
74,1,1,16,1,0,1,3,3,1,2,0,1,1,0,1,1,1,1,0,4,3,3,2,4,5,4,11,11,11,0,1,0,0,0,0,1,0,1,0,0,1,0
75,1,0,15,1,0,1,4,3,1,2,0,0,1,0,1,1,1,1,0,4,3,3,2,3,5,0,11,11,11,0,0,0,1,0,1,0,0,1,0,0,1,0
76,1,0,15,1,0,1,4,0,2,4,0,0,0,0,1,1,1,1,0,3,4,3,1,1,1,0,12,11,11,0,0,0,1,0,1,0,0,0,0,0,1,0
77,1,1,16,1,0,1,2,2,1,4,0,0,0,0,0,1,1,1,1,5,2,3,1,3,3,1,13,13,13,0,1,0,0,0,1,0,0,0,0,1,1,0
78,1,0,17,1,0,1,2,1,2,1,3,1,1,0,1,1,0,1,0,4,5,1,1,1,3,0,9,9,10,0,1,0,0,0,1,0,0,1,0,0,1,0
79,1,1,16,1,0,1,3,4,1,2,0,0,1,0,0,1,1,1,0,2,4,3,1,2,3,14,12,11,11,0,0,0,0,0,1,0,0,0,0,0,1,0
80,1,0,15,1,0,1,2,3,1,1,0,1,1,0,1,0,1,1,1,3,2,2,1,3,3,0,11,11,12,0,1,0,0,0,0,1,0,0,0,0,0,0
81,1,0,15,1,0,1,2,3,1,3,0,1,0,0,0,0,1,1,0,5,3,2,1,2,5,2,10,9,9,0,1,0,0,0,1,0,0,1,0,0,1,0
82,1,1,15,1,1,1,3,2,1,2,0,0,1,0,0,1,1,1,0,4,4,4,1,1,5,4,12,11,11,0,0,1,0,0,1,0,0,0,0,1,1,0
83,1,0,15,1,1,1,2,2,2,2,0,0,0,1,1,1,1,1,0,5,3,3,1,3,4,2,13,12,13,0,0,1,0,0,0,1,0,1,0,0,1,0
84,1,1,15,1,0,1,1,1,1,2,0,0,1,0,1,0,1,1,0,4,3,2,2,3,4,2,13,12,12,0,1,0,0,0,1,0,0,1,0,0,0,0
85,1,1,15,1,0,1,4,4,2,2,0,0,0,0,0,1,1,1,1,4,4,4,2,3,5,4,12,11,12,0,0,1,0,0,0,1,0,0,0,1,0,0
86,1,1,16,1,1,1,2,2,1,2,0,0,1,0,0,1,1,0,0,4,3,4,1,2,2,6,13,11,11,0,0,0,0,0,1,0,0,0,0,0,1,0
87,1,1,15,1,0,1,4,2,1,3,0,0,1,0,1,1,1,1,0,5,3,3,1,3,1,4,15,15,15,0,1,0,0,0,1,0,0,0,0,1,1,0
88,1,0,16,1,0,1,2,2,2,2,0,0,0,0,1,0,1,1,0,4,4,2,1,1,3,6,12,10,11,0,0,1,0,0,1,0,0,0,0,1,0,0
89,1,0,16,1,1,0,4,4,1,2,0,0,1,0,0,1,1,0,0,4,1,3,3,5,5,6,9,9,10,0,0,0,1,1,0,0,0,0,0,1,1,0
90,1,1,16,1,0,1,3,3,1,3,0,0,1,0,0,1,1,1,1,4,3,3,1,3,4,2,9,11,11,0,1,0,0,0,1,0,0,1,0,0,1,0
91,1,1,15,1,0,1,4,3,1,1,0,0,0,0,1,1,1,1,0,4,5,5,1,3,1,6,14,13,13,0,0,1,0,0,1,0,0,0,0,1,1,0
92,1,1,16,1,1,1,3,1,1,2,0,1,1,0,0,1,1,0,0,3,3,3,2,3,2,0,12,13,12,0,1,0,0,0,1,0,0,1,0,0,0,0
93,1,1,16,1,0,1,4,2,2,2,0,0,1,0,1,1,1,1,0,5,3,3,1,1,1,2,13,14,14,0,0,0,1,0,0,1,0,1,0,0,1,0
94,1,0,15,1,1,1,2,2,1,4,0,0,1,0,1,1,1,1,0,4,3,4,1,1,4,2,11,12,12,0,0,1,0,1,0,0,0,0,0,1,1,0
95,1,1,15,0,0,1,1,1,2,4,0,1,1,1,1,1,1,1,0,3,1,2,1,1,1,4,13,13,13,0,0,0,0,0,1,0,0,1,0,0,1,0
96,1,0,16,0,0,1,4,3,2,1,0,1,1,1,1,0,1,1,0,3,3,3,1,1,4,6,9,11,11,0,0,1,0,0,1,0,0,0,0,1,1,0
97,1,1,16,1,0,1,2,1,1,2,0,0,1,0,0,1,1,0,1,4,3,5,1,1,5,0,13,12,12,0,1,0,0,0,1,0,0,0,0,0,1,0
98,1,1,16,1,0,1,4,4,1,1,0,0,0,0,1,0,1,1,0,5,3,4,1,2,1,4,12,13,13,0,1,0,0,0,1,0,0,0,0,1,1,0
99,1,1,16,1,0,1,4,3,1,3,0,1,1,0,0,1,1,1,0,5,3,5,1,1,3,2,12,13,13,0,1,0,0,0,0,0,0,0,0,0,1,0
100,1,0,16,1,0,1,4,4,1,1,0,1,1,0,1,1,1,1,0,4,5,5,5,5,4,12,9,9,8,0,0,1,0,0,0,1,0,0,1,0,1,0
101,1,0,16,1,0,1,4,4,1,3,0,0,1,0,1,1,1,1,1,4,4,3,1,1,4,0,16,16,16,0,0,1,0,0,0,0,1,0,1,0,0,0
102,1,0,15,1,0,1,4,4,1,1,0,0,1,1,1,0,1,1,0,5,3,3,1,1,5,2,12,13,12,0,0,1,0,0,1,0,0,0,0,0,1,0
103,1,1,15,1,0,1,3,2,2,2,0,1,1,0,0,1,1,1,0,4,3,5,1,1,2,16,11,10,10,0,0,1,0,0,1,0,0,1,0,0,1,0
104,1,0,15,1,0,0,3,4,1,2,0,0,1,0,1,1,1,1,0,5,4,4,1,1,1,0,16,16,16,0,0,1,0,0,1,0,0,0,0,0,1,0
105,1,1,15,1,0,0,3,3,1,4,0,1,0,0,0,1,1,0,0,4,3,3,1,1,4,10,10,10,10,0,1,0,0,1,0,0,0,0,0,1,0,0
106,1,1,15,1,0,1,2,2,1,4,0,1,1,0,0,1,1,1,0,5,1,2,1,1,3,4,10,10,10,0,1,0,0,0,1,0,0,0,0,0,1,0
107,1,0,16,1,0,1,3,3,1,3,0,0,1,0,1,1,1,1,0,5,3,3,1,1,5,4,13,14,14,0,0,1,0,0,1,0,0,1,0,0,0,0
108,1,0,15,0,0,1,4,4,4,4,0,0,1,0,1,1,1,1,1,1,3,5,3,5,1,8,12,10,11,0,1,0,0,0,1,0,0,1,0,0,0,0
109,1,1,16,1,1,1,4,4,1,3,0,0,1,0,1,1,1,1,1,5,4,5,1,1,4,2,15,15,14,1,0,0,0,1,0,0,0,0,1,0,1,0
110,1,0,15,1,1,0,4,4,1,1,0,0,0,0,1,1,1,1,0,5,5,3,1,1,4,4,13,14,14,0,0,0,1,0,0,0,1,0,0,0,1,0
111,1,1,16,0,0,1,3,3,1,3,0,1,1,0,1,1,1,1,0,4,1,2,1,1,2,4,11,11,11,0,0,1,0,0,1,0,0,0,0,1,0,0
112,1,1,16,1,0,1,2,2,1,2,1,1,0,0,1,1,1,1,0,3,1,2,1,1,5,12,8,10,10,0,0,0,0,0,1,0,0,1,0,0,1,0
113,1,0,15,1,1,1,4,2,1,1,0,0,0,0,0,1,1,1,0,3,5,2,1,1,3,10,18,17,18,0,0,0,1,0,1,0,0,0,0,0,1,0
114,1,0,15,0,0,1,2,1,1,2,0,0,0,0,1,1,1,1,1,5,4,2,1,1,5,4,10,9,10,1,0,0,0,0,0,1,0,0,0,1,1,0
115,1,0,16,1,0,1,4,4,1,2,0,0,1,0,1,1,1,1,0,5,4,4,1,2,5,6,16,14,14,0,0,0,1,0,0,0,1,0,0,0,0,0
116,1,0,15,1,0,1,4,4,2,2,0,0,1,0,1,1,1,0,0,4,4,3,1,1,2,4,16,15,16,0,1,0,0,0,0,0,1,0,0,1,0,0
117,1,0,16,1,0,1,3,3,2,1,0,0,0,0,1,1,1,1,0,5,4,2,1,1,5,6,14,14,15,0,1,0,0,0,0,1,0,1,0,0,0,0
118,1,0,17,0,0,1,1,3,3,2,1,0,1,0,1,1,1,1,0,5,2,4,1,4,5,14,12,11,11,0,1,0,0,0,1,0,0,0,0,0,0,0
119,1,0,15,1,0,1,3,4,1,1,0,0,0,0,0,1,1,1,0,3,4,3,1,2,4,2,14,13,14,0,1,0,0,0,1,0,0,0,0,1,0,0
120,1,1,15,1,0,1,1,2,1,2,0,0,0,0,0,0,1,1,0,3,2,3,1,2,1,0,14,14,14,0,0,0,0,0,0,1,0,0,0,0,1,0
121,1,0,15,1,0,1,2,2,1,4,0,0,1,0,1,1,1,1,0,5,5,4,1,2,5,6,14,13,13,0,0,1,0,0,0,1,0,1,0,0,0,0
122,1,1,16,1,1,1,2,4,2,2,0,0,1,0,1,1,1,1,1,4,2,2,1,2,5,2,14,12,13,0,1,0,0,1,0,0,0,0,0,0,0,0
123,1,0,16,1,0,1,4,4,1,1,0,0,1,0,1,1,1,1,0,3,4,4,1,4,5,4,12,13,13,1,0,0,0,0,1,0,0,0,0,0,1,0
124,1,1,16,1,0,1,2,2,1,2,0,0,0,0,0,1,1,1,1,5,4,4,1,1,5,0,12,11,11,0,1,0,0,0,1,0,0,1,0,0,1,0
125,1,0,15,1,0,1,3,4,1,1,0,1,0,0,0,1,1,1,0,5,5,5,3,2,5,2,9,9,9,0,0,1,0,0,0,1,0,1,0,0,0,0
126,1,1,15,1,1,0,3,4,1,2,0,1,0,0,1,1,1,1,1,5,3,2,1,1,1,0,10,11,11,0,1,0,0,0,1,0,0,1,0,0,1,0
127,1,1,19,1,0,1,0,1,1,2,2,0,1,0,0,0,0,0,0,3,4,2,1,1,5,0,9,10,11,0,0,0,0,0,1,0,0,0,0,0,0,1
128,1,0,16,0,0,1,4,4,1,1,0,0,0,0,1,1,1,1,0,3,5,5,2,5,4,8,14,14,15,0,0,0,1,0,0,0,1,0,0,0,1,0
129,1,0,16,1,0,1,2,3,2,3,0,0,1,0,0,0,1,1,1,3,2,3,2,2,1,4,13,12,13,0,1,0,0,0,1,0,0,0,0,0,1,0
130,1,1,15,0,0,1,3,4,2,3,0,0,1,0,0,1,1,1,1,4,2,2,2,2,5,0,10,11,12,0,0,1,0,0,0,0,1,0,0,0,0,0
131,1,1,18,1,0,1,2,1,1,2,3,0,1,0,1,1,0,1,1,5,4,5,1,3,5,10,10,9,8,0,0,1,0,0,1,0,0,0,0,1,1,0
132,1,1,17,1,1,0,2,1,3,1,0,0,1,0,0,1,1,1,0,3,2,2,1,2,5,8,11,10,11,0,1,0,0,0,1,0,0,0,0,0,1,0
133,1,1,15,1,0,1,1,1,3,1,0,0,1,0,1,0,1,1,1,4,3,3,1,2,4,6,11,12,13,0,0,0,0,0,1,0,0,0,0,0,1,0
134,1,1,17,1,1,1,2,2,1,1,0,0,1,0,0,1,1,1,1,3,4,4,1,3,5,2,13,12,12,0,1,0,0,0,1,0,0,0,0,0,0,0
135,1,1,16,1,0,0,3,4,1,1,0,0,0,0,0,1,1,1,0,3,2,1,1,4,5,12,15,13,14,0,0,1,0,0,1,0,0,0,0,0,0,0
136,1,0,16,1,0,1,2,1,4,1,0,0,0,0,0,1,1,0,0,3,2,1,1,1,2,4,9,9,11,0,0,0,0,0,1,0,0,0,0,0,1,0
137,1,1,16,1,0,0,2,2,1,1,1,0,0,0,0,1,1,0,0,5,3,4,1,1,5,12,13,11,11,0,1,0,0,0,1,0,0,1,0,0,1,0
138,1,0,15,0,0,1,3,4,4,2,0,0,1,0,0,1,1,0,1,5,3,3,1,1,5,2,12,11,11,0,0,0,0,0,0,0,1,0,0,0,1,0
139,1,1,15,1,0,1,4,4,1,3,0,0,1,0,1,1,1,1,1,4,3,3,1,1,5,4,13,14,15,0,0,1,0,0,0,0,0,0,0,0,1,0
140,1,0,17,0,0,1,3,4,3,2,0,0,0,0,0,1,1,0,0,5,4,5,2,4,5,2,10,9,10,0,0,0,0,0,1,0,0,0,0,0,1,0
141,1,1,16,0,0,1,1,1,4,2,0,0,1,0,0,1,1,0,0,5,1,3,1,1,3,0,14,13,13,0,0,0,0,0,1,0,0,0,0,0,1,0
142,1,0,18,1,1,1,3,1,2,1,0,0,0,0,1,1,1,1,1,3,3,4,4,5,4,2,11,11,12,0,0,1,0,0,0,1,0,0,0,0,1,0
143,1,1,18,1,0,0,3,2,1,3,0,0,1,0,1,0,1,1,1,4,3,3,5,1,5,10,12,11,11,0,1,0,0,0,0,1,0,0,0,0,0,1
144,1,1,16,0,0,1,1,1,2,1,0,0,1,0,1,1,1,0,1,3,3,3,1,2,1,8,12,11,11,0,1,0,0,0,0,1,0,0,0,1,1,0
145,1,1,16,1,0,0,3,3,2,1,0,0,1,0,1,0,1,1,1,4,3,2,1,1,5,4,9,9,10,0,1,0,0,0,1,0,0,0,0,0,0,1
146,1,0,16,1,1,1,1,1,1,2,2,0,0,0,0,1,1,0,1,4,4,4,1,3,5,0,10,10,10,0,0,1,0,0,1,0,0,0,0,0,1,0
147,1,1,15,1,0,1,4,4,2,1,0,0,0,0,1,1,1,1,0,4,3,2,1,1,5,6,13,14,14,0,0,0,1,0,0,0,1,0,0,0,1,0
148,1,1,15,0,0,1,1,1,3,1,1,0,0,0,1,1,1,1,1,5,5,5,1,1,1,2,8,9,9,0,1,0,0,0,1,0,0,0,0,0,1,0
149,1,0,15,1,0,1,4,3,2,4,0,1,1,0,0,1,1,1,0,2,2,2,1,1,3,6,9,11,11,0,0,0,1,0,0,1,0,0,0,0,0,0
150,1,1,15,1,0,0,3,3,1,2,0,0,0,0,0,0,1,0,1,1,3,2,2,3,1,24,9,8,9,0,0,1,0,0,0,1,0,1,0,0,1,0
151,1,0,16,1,0,1,4,4,1,3,0,0,1,0,1,1,1,1,0,5,3,3,1,3,5,0,15,13,13,0,0,1,0,0,0,1,0,0,0,0,1,0
152,1,0,16,1,1,1,2,2,2,1,0,0,1,0,1,1,1,1,0,2,3,3,2,2,2,4,12,11,11,0,0,1,0,0,0,1,0,0,0,1,0,0
153,1,1,15,1,0,1,4,4,1,3,0,0,1,0,1,1,1,1,0,4,2,2,1,1,5,2,13,13,13,0,0,0,1,0,0,1,0,0,0,0,1,0
154,1,1,16,1,1,1,1,1,1,1,0,0,0,0,0,1,1,1,0,3,4,4,3,3,1,4,10,11,11,0,0,0,0,0,0,0,0,0,0,0,1,0
155,1,0,17,1,0,1,2,1,1,1,0,0,1,0,0,1,1,1,0,5,4,5,1,2,5,22,9,7,6,0,1,0,0,0,1,0,0,1,0,0,1,0
156,1,1,15,1,0,1,1,1,1,2,0,0,1,0,0,1,1,1,0,4,4,2,1,2,5,0,12,12,12,0,1,0,0,0,0,1,0,0,0,0,0,0
157,1,1,15,1,1,0,2,1,2,1,0,0,1,0,1,1,0,1,1,4,4,2,1,1,5,0,11,10,10,0,0,0,0,0,1,0,0,1,0,0,1,0
158,1,1,15,1,0,1,3,2,1,2,1,0,1,0,0,1,1,1,0,3,3,2,1,1,3,2,11,11,11,1,0,0,0,0,0,1,0,1,0,0,0,0
159,1,1,15,1,0,1,1,2,1,2,0,0,1,0,0,0,1,1,0,4,3,2,1,1,5,6,13,12,13,0,0,0,0,0,1,0,0,0,0,0,1,0
160,1,1,15,1,0,1,1,2,1,2,0,0,0,0,0,0,1,0,1,2,3,4,2,4,1,6,11,11,11,0,0,0,0,0,0,1,0,0,0,0,0,0
161,1,0,16,1,0,1,4,4,1,1,0,0,1,0,0,1,0,1,1,3,3,2,2,1,5,16,9,9,8,0,0,0,1,0,0,0,1,0,0,0,1,0
162,1,0,15,1,1,0,2,1,4,1,0,0,0,0,0,1,1,1,0,4,5,5,2,5,5,0,12,11,11,0,0,1,0,0,1,0,0,0,0,0,1,0
163,1,0,18,1,1,1,1,1,1,1,2,0,0,0,0,1,0,1,1,2,3,5,2,5,4,0,11,9,0,0,1,0,0,0,1,0,0,0,0,0,1,0
164,1,0,16,1,1,1,2,1,1,1,1,0,0,0,1,1,1,0,1,4,4,4,3,5,5,6,9,10,10,0,0,0,0,0,1,0,0,0,0,0,1,0
165,1,1,15,0,0,1,3,3,2,3,0,0,1,1,1,1,1,1,1,4,2,1,2,3,3,2,13,13,13,0,0,1,0,0,0,1,0,0,0,1,0,1
166,1,0,19,1,0,1,3,2,1,1,0,0,1,0,0,1,0,1,1,4,5,4,1,1,4,6,11,9,11,0,0,1,0,0,0,0,0,1,0,0,1,0
167,1,1,17,1,0,1,4,4,1,1,0,1,1,0,0,1,1,0,1,4,2,1,1,1,4,0,13,13,13,0,1,0,0,0,0,0,1,0,0,0,1,0
168,1,0,15,0,0,1,2,3,1,2,0,1,0,1,1,1,1,0,0,4,4,4,1,1,1,0,7,8,8,0,0,0,0,0,0,1,0,0,0,0,1,0
169,1,0,17,0,1,1,1,2,1,1,3,0,0,0,0,1,1,0,0,2,2,2,3,3,5,14,9,8,10,0,1,0,0,0,1,0,0,0,0,1,1,0
170,1,1,18,0,0,1,1,1,3,1,3,0,1,0,1,0,1,0,0,5,2,5,1,5,4,6,11,10,11,0,0,0,0,0,1,0,0,0,0,0,1,0
171,1,0,16,0,0,1,2,2,3,1,0,0,0,0,0,0,1,0,0,4,2,2,1,2,3,4,12,10,11,0,0,0,0,0,1,0,0,0,0,0,1,0
172,1,0,16,1,0,1,3,3,1,2,1,0,1,0,0,1,1,1,1,4,5,5,4,4,5,0,10,10,1,0,1,0,0,0,0,1,0,0,0,0,0,0
173,1,0,16,1,1,1,1,2,2,1,2,0,0,0,0,0,1,1,0,4,4,5,3,5,5,0,9,8,10,1,0,0,0,0,0,1,0,0,0,0,1,0
174,1,0,17,0,1,1,2,1,2,1,1,0,0,1,1,1,0,1,1,3,3,2,2,2,5,8,8,8,9,0,0,0,0,0,1,0,0,0,0,0,1,0
175,1,0,17,0,0,1,3,2,2,2,2,1,1,0,0,1,1,1,1,4,4,4,1,4,3,4,7,6,8,0,1,0,0,0,1,0,0,0,0,0,1,0
176,1,0,15,1,1,1,1,2,2,1,0,0,0,0,1,1,1,0,0,4,4,4,2,4,5,2,8,9,10,0,1,0,0,0,1,0,0,0,0,0,1,0
177,1,0,16,1,0,1,1,3,1,1,1,0,0,0,0,1,0,1,0,5,3,3,1,4,2,2,9,8,8,0,0,0,0,0,0,1,0,0,0,0,0,0
178,1,0,17,0,1,1,1,1,4,2,0,0,0,0,1,1,0,0,1,5,3,5,1,5,5,0,8,8,8,0,1,0,0,0,0,1,0,0,0,0,1,0
179,1,0,17,1,0,1,3,2,2,1,3,0,1,0,1,0,0,0,0,4,5,2,1,1,2,10,8,7,8,0,0,1,0,0,0,1,0,0,0,0,1,0
180,1,0,16,1,0,1,2,2,1,2,0,0,0,0,0,1,0,1,0,4,3,5,2,4,4,0,9,10,11,0,1,0,0,0,1,0,0,0,0,0,0,0
181,1,1,16,1,0,1,4,2,1,2,0,0,0,0,0,1,1,1,1,4,2,3,1,1,3,0,17,17,18,1,0,0,0,0,0,1,0,1,0,0,0,0
182,1,1,16,1,0,1,2,2,1,2,0,0,1,0,0,0,1,1,0,5,1,5,1,1,4,0,12,12,13,0,1,0,0,0,1,0,0,1,0,0,1,0
183,1,1,16,1,0,1,4,4,1,2,0,0,1,0,0,1,1,1,1,4,4,2,1,1,3,0,16,16,17,1,0,0,0,1,0,0,0,0,0,1,1,0
184,1,0,16,1,0,1,3,4,3,1,1,0,1,0,1,0,1,1,0,3,4,5,2,4,2,4,9,9,10,0,1,0,0,0,1,0,0,0,0,0,0,0
185,1,0,16,1,0,1,1,0,2,2,0,0,1,0,1,1,1,1,1,4,3,2,1,1,3,0,16,17,18,0,1,0,0,0,1,0,0,0,0,1,1,0
186,1,0,17,1,1,1,4,4,1,2,0,0,1,0,1,1,1,1,0,4,4,4,1,3,5,0,11,9,10,0,0,0,1,0,1,0,0,0,0,1,1,0
187,1,1,16,1,0,1,1,3,1,2,0,0,0,0,1,0,1,1,1,4,3,5,1,1,3,0,14,13,13,0,0,0,0,0,0,1,0,1,0,0,1,0
188,1,1,16,1,1,1,3,3,2,2,0,0,1,0,1,1,1,1,0,4,4,5,1,1,4,0,14,14,15,0,1,0,0,0,1,0,0,0,0,1,1,0
189,1,0,17,1,1,1,4,3,2,2,0,0,0,0,1,1,1,1,0,4,4,4,4,4,4,0,10,11,11,0,0,0,1,0,1,0,0,0,0,0,1,0
190,1,1,16,1,0,1,2,2,2,2,0,0,0,0,1,0,1,1,0,3,4,4,1,4,5,0,13,12,14,0,0,1,0,0,1,0,0,0,0,1,1,0
191,1,0,17,1,0,1,3,3,1,2,0,0,0,0,1,0,1,1,0,4,3,4,1,4,4,4,11,9,10,0,1,0,0,0,1,0,0,0,0,1,0,0
192,1,0,16,0,0,1,4,2,1,1,0,0,1,0,1,1,1,1,1,4,3,3,3,4,3,8,10,9,11,0,0,0,1,0,0,1,0,0,1,0,1,0
193,1,0,17,1,0,1,4,3,1,2,0,0,1,1,1,1,1,1,1,5,2,3,1,1,2,4,11,11,13,0,1,0,0,0,1,0,0,0,0,0,1,0
194,1,0,16,1,0,1,4,3,1,2,0,0,1,1,1,1,1,1,0,3,4,3,2,3,3,4,11,10,11,0,0,0,1,0,1,0,0,1,0,0,1,0
195,1,0,16,1,0,1,3,3,1,2,0,0,0,0,1,1,1,1,1,4,2,3,1,2,3,0,11,12,13,0,0,1,0,0,1,0,0,1,0,0,1,0
196,1,1,17,1,0,1,2,4,1,2,0,0,1,0,1,1,1,0,0,5,4,2,2,3,5,0,17,18,17,0,0,1,0,0,0,1,0,0,0,1,0,0
197,1,1,17,1,1,1,3,3,1,2,0,0,1,0,1,1,1,1,1,5,3,3,2,3,1,32,14,13,14,0,1,0,0,0,1,0,0,0,0,1,1,0
198,1,1,16,1,0,1,3,2,1,2,0,0,1,0,0,1,1,1,0,1,2,2,1,2,1,8,14,15,16,0,1,0,0,0,1,0,0,0,0,1,1,0
199,1,0,17,1,0,1,3,3,1,2,0,0,1,0,1,1,1,1,1,4,3,4,2,3,4,6,11,13,14,0,0,1,0,0,0,1,0,0,1,0,1,0
200,1,0,16,1,0,1,1,2,1,1,0,0,1,0,1,1,1,1,1,3,3,3,1,2,3,0,10,9,11,0,0,1,0,0,0,1,0,0,1,0,1,0
201,1,0,16,1,1,1,2,1,1,2,0,0,0,0,1,1,1,1,1,4,2,3,1,2,5,0,13,14,16,0,1,0,0,0,1,0,0,0,0,0,1,0
202,1,1,17,1,0,0,3,3,1,2,0,0,1,0,0,0,1,1,1,3,3,3,1,3,3,10,12,13,14,1,0,0,0,0,1,0,0,0,0,1,1,0
203,1,0,17,0,0,1,1,2,1,2,0,0,0,0,0,1,1,0,0,3,1,3,1,5,3,6,9,9,10,0,0,0,0,0,1,0,0,1,0,0,1,0
204,1,1,16,1,0,1,2,3,1,2,0,0,0,0,0,1,1,1,0,4,3,3,1,1,2,6,12,12,13,0,0,1,0,0,0,1,0,0,0,0,1,0
205,1,1,17,1,0,1,1,1,1,2,0,0,0,0,1,1,1,1,0,5,3,3,1,1,3,0,12,11,12,0,0,0,0,0,0,1,0,0,0,0,1,0
206,1,0,17,1,0,1,1,2,2,2,0,0,0,0,1,0,1,1,0,4,4,4,4,5,5,16,10,11,12,0,0,0,0,0,0,1,0,0,1,0,0,1
207,1,0,16,0,0,1,3,3,1,1,0,0,1,0,1,1,1,1,0,4,3,2,3,4,5,0,11,10,10,0,0,1,0,0,0,1,0,0,0,1,1,0
208,1,0,16,1,0,1,2,3,2,1,0,0,0,0,0,1,1,1,0,5,3,3,1,1,3,0,13,12,12,0,1,0,0,0,1,0,0,1,0,0,0,0
209,1,1,17,1,1,1,2,4,1,2,0,0,0,0,1,1,1,1,1,4,3,2,1,1,5,8,14,15,16,0,0,1,0,0,0,1,0,0,0,0,0,0
210,1,0,17,1,0,1,4,4,1,1,0,0,0,0,0,1,1,1,0,5,2,3,1,2,5,4,13,13,14,0,0,1,0,0,0,0,1,1,0,0,1,0
211,1,0,16,0,1,1,3,3,3,1,0,0,1,0,1,1,1,1,0,3,3,4,3,5,3,16,10,11,12,0,0,0,1,0,1,0,0,1,0,0,0,0
212,1,1,17,1,0,1,4,4,2,1,1,0,1,0,0,1,1,1,0,4,2,4,2,3,2,30,14,15,16,0,0,1,0,0,0,0,1,1,0,0,1,0
213,1,1,16,1,1,1,4,4,1,2,0,0,1,0,0,1,1,1,0,4,5,2,1,2,3,0,11,10,11,0,0,0,1,0,0,0,1,0,0,1,1,0
214,1,1,16,1,0,1,4,3,1,2,0,0,1,0,1,1,1,1,0,4,3,5,1,5,2,2,14,14,15,1,0,0,0,0,1,0,0,1,0,0,1,0
215,1,1,16,1,0,1,2,3,1,2,0,1,1,0,1,1,1,0,0,4,4,3,1,3,4,4,11,12,12,0,1,0,0,0,1,0,0,0,0,1,1,0
216,1,1,17,1,0,1,1,1,1,2,0,0,1,0,0,0,1,0,0,4,4,4,1,3,1,0,14,15,15,0,1,0,0,0,1,0,0,0,0,0,1,0
217,1,1,17,0,0,1,2,2,1,1,0,0,1,0,0,1,1,1,0,5,3,2,1,2,3,21,13,13,13,0,1,0,0,0,1,0,0,0,0,1,1,0
218,1,1,16,0,0,1,2,2,2,4,0,0,1,0,1,0,1,1,0,5,3,5,1,1,5,6,13,13,13,0,0,1,0,0,0,1,0,0,0,1,1,0
219,1,1,17,1,0,1,3,4,1,3,1,0,1,1,0,1,1,1,1,4,4,3,3,4,5,14,8,9,8,0,0,0,0,0,0,1,0,1,0,0,1,0
220,1,1,16,1,0,0,3,1,1,2,0,0,1,0,0,1,1,1,0,2,3,3,2,2,4,2,11,11,12,0,0,1,0,0,1,0,0,0,0,0,1,0
221,1,1,16,1,0,1,4,3,1,2,0,0,0,0,1,1,1,1,1,1,3,2,1,1,1,4,14,15,15,0,0,0,1,0,1,0,0,0,1,0,1,0
222,1,1,16,1,0,1,1,1,2,1,0,0,1,0,0,1,1,0,0,4,3,2,1,4,5,2,12,13,13,0,0,0,0,0,1,0,0,1,0,0,1,0
223,1,1,17,0,0,1,4,3,2,3,0,0,1,0,1,1,1,1,1,4,4,2,1,1,4,0,11,12,12,0,0,0,1,0,1,0,0,0,0,1,1,0
224,1,1,19,1,0,1,3,3,1,4,0,0,1,0,1,1,1,1,0,4,3,3,1,2,3,4,12,12,12,0,1,0,0,0,1,0,0,0,0,1,0,1
225,1,0,17,1,1,1,4,4,1,2,0,0,1,0,0,1,1,1,1,5,3,5,4,5,3,15,13,12,12,0,0,1,0,0,1,0,0,1,0,0,1,0
226,1,1,16,1,0,0,2,2,1,2,0,1,1,0,0,1,1,1,0,3,3,4,1,1,4,0,13,13,13,0,1,0,0,0,1,0,0,0,0,1,1,0
227,1,0,18,1,0,1,2,2,1,2,0,0,1,0,1,1,1,1,0,4,4,4,2,4,5,10,12,11,11,0,0,1,0,0,1,0,0,1,0,0,1,0
228,1,1,17,0,1,1,4,4,1,1,0,0,1,0,0,1,1,0,0,5,2,1,1,2,3,6,12,11,11,0,0,1,0,0,1,0,0,0,1,0,1,0
229,1,1,17,1,1,1,3,2,2,2,0,0,0,0,0,1,1,1,0,4,4,4,1,3,1,2,14,16,15,0,1,0,0,0,1,0,0,0,0,1,1,0
230,1,1,17,1,0,1,4,3,1,2,0,0,0,0,0,1,1,1,1,3,4,5,2,4,1,16,11,9,10,0,1,0,0,0,1,0,0,0,0,1,1,0
231,1,0,18,1,1,1,3,3,1,2,0,0,1,0,0,1,1,1,0,3,2,4,2,4,4,10,10,10,10,0,0,1,0,1,0,0,0,1,0,0,0,0
232,1,1,17,1,0,1,2,3,2,1,0,0,1,0,0,1,1,0,0,3,3,3,1,4,3,4,12,13,13,0,0,0,0,0,1,0,0,1,0,0,0,0
233,1,1,17,1,0,1,2,2,1,3,0,0,1,0,1,1,1,1,0,4,3,3,1,1,4,0,12,12,13,0,0,0,0,0,0,0,0,0,0,0,1,0
234,1,1,17,0,0,1,2,1,2,2,0,0,1,0,1,1,1,1,0,4,2,5,1,2,5,0,11,10,11,0,0,0,0,0,0,1,0,0,0,1,1,0
235,1,1,17,1,0,1,1,1,1,3,0,0,1,0,1,1,1,0,1,4,3,4,1,1,5,12,12,12,12,0,0,0,0,0,1,0,0,0,0,1,1,0
236,1,1,16,1,0,1,2,3,1,2,0,1,0,0,0,1,1,1,0,2,3,1,1,1,3,0,13,13,14,0,0,1,0,0,0,0,1,0,1,0,1,0
237,1,0,18,1,0,1,2,2,2,2,3,0,1,1,0,1,1,1,0,3,3,3,5,5,4,9,10,9,10,0,1,0,0,0,1,0,0,1,0,0,1,0
238,1,1,16,1,0,1,4,4,1,3,0,0,1,0,1,0,1,1,0,5,3,2,1,1,5,4,15,16,16,0,0,0,1,0,0,1,0,1,0,0,1,0
239,1,1,18,0,0,1,3,1,1,2,0,0,0,0,1,1,1,1,1,5,3,3,1,1,4,4,8,8,8,0,1,0,0,0,1,0,0,0,0,1,1,0
240,1,1,17,1,0,1,3,2,1,2,0,0,0,0,1,0,1,1,0,5,3,4,1,3,3,2,17,18,17,0,1,0,0,0,1,0,0,0,0,0,1,0
241,1,0,17,1,1,1,2,3,1,2,0,0,1,0,0,0,1,1,0,5,3,3,1,3,3,0,10,11,11,0,0,1,0,0,0,1,0,0,0,1,0,0
242,1,0,18,1,1,1,2,1,4,2,0,1,1,0,1,1,1,1,1,4,3,2,4,5,3,2,9,10,11,0,0,0,0,0,1,0,0,0,0,0,1,0
243,1,1,17,1,0,0,2,1,2,3,0,0,0,0,1,1,1,1,1,3,2,3,1,2,3,0,15,15,16,0,1,0,0,0,1,0,0,0,0,0,1,0
244,1,1,17,1,1,1,4,3,1,2,0,0,0,0,1,1,1,1,1,3,2,3,1,2,3,0,14,12,12,1,0,0,0,0,1,0,0,0,0,1,0,0
245,1,0,17,0,0,1,2,2,2,2,0,0,1,0,1,1,1,1,0,4,5,2,1,1,1,0,12,13,13,0,1,0,0,0,1,0,0,0,0,0,0,0
246,1,0,17,1,0,1,4,4,1,2,0,1,1,0,1,1,1,1,1,4,5,5,1,3,2,0,13,13,13,0,0,0,1,0,0,0,1,0,0,1,1,0
247,1,0,16,1,0,1,4,4,1,2,0,0,1,0,1,1,1,1,0,4,2,4,2,4,1,0,13,13,14,1,0,0,0,0,1,0,0,0,0,1,0,0
248,1,0,16,1,1,1,1,1,2,2,0,0,1,0,0,1,1,1,0,3,4,2,1,1,5,2,9,9,9,0,1,0,0,0,1,0,0,1,0,0,1,0
249,1,0,16,1,0,1,3,2,2,3,0,0,0,0,1,1,1,1,1,5,3,3,1,3,2,0,12,12,12,0,0,0,0,0,1,0,0,0,0,1,1,0
250,1,0,17,1,1,1,2,2,1,2,0,0,0,0,1,0,1,1,1,4,4,2,5,5,4,0,16,16,16,0,1,0,0,0,1,0,0,1,0,0,0,0
251,1,1,16,1,0,1,2,1,1,1,0,0,0,0,0,1,1,1,1,4,5,2,1,1,5,4,9,10,10,0,1,0,0,0,1,0,0,1,0,0,1,0
252,1,1,16,1,0,0,4,1,1,2,0,0,0,0,1,1,1,1,1,5,3,3,1,2,5,0,14,13,13,0,1,0,0,0,1,0,0,1,0,0,1,0
253,1,1,18,1,1,0,2,4,2,2,1,0,1,0,0,1,1,1,0,4,3,3,1,1,3,18,10,10,10,0,0,1,0,0,1,0,0,0,0,0,1,0
254,1,1,18,1,1,1,2,2,1,2,1,0,1,0,0,0,1,1,1,5,3,1,1,1,5,16,9,8,10,0,0,0,0,0,0,1,0,0,0,0,1,0
255,1,1,18,1,0,1,3,3,2,1,1,0,0,0,0,1,0,1,0,4,1,1,1,1,3,14,8,7,7,0,1,0,0,0,1,0,0,0,0,0,1,0
256,1,0,18,1,0,1,2,2,1,1,1,0,1,0,1,0,0,1,1,4,4,3,2,2,1,26,7,8,8,0,1,0,0,0,0,0,0,0,0,0,0,1
257,1,0,17,1,0,1,4,4,1,1,0,0,1,0,1,0,1,1,0,4,2,1,1,2,5,6,10,8,9,0,0,0,1,0,0,0,1,0,0,0,1,0
258,1,1,17,1,0,1,3,2,1,2,0,0,0,0,1,1,1,0,0,5,4,2,1,1,3,4,14,14,15,0,1,0,0,0,1,0,0,0,0,0,0,0
259,1,1,17,1,1,1,1,1,1,3,0,0,1,0,1,1,1,1,1,4,3,2,1,2,4,10,11,10,10,0,0,0,0,0,0,0,0,0,0,0,1,0
260,1,1,16,1,0,1,1,2,1,1,0,0,0,0,0,1,0,1,0,5,3,5,1,2,5,4,12,11,11,0,1,0,0,0,1,0,0,0,0,0,1,0
261,1,1,17,0,0,1,2,1,3,2,0,0,0,0,1,1,1,0,0,2,1,1,1,1,3,2,13,13,13,0,0,0,0,0,0,1,0,0,0,0,1,0
262,1,1,17,0,1,0,1,4,4,1,1,0,1,0,0,1,1,1,0,5,5,4,1,1,5,14,9,9,8,0,1,0,0,0,1,0,0,0,0,0,0,1
263,1,0,18,1,0,1,2,2,1,2,0,0,0,0,0,1,0,1,0,5,5,4,3,5,2,16,8,7,8,0,1,0,0,0,0,1,0,0,0,1,0,0
264,1,1,17,1,1,0,2,2,1,1,1,0,1,0,0,0,0,1,0,3,1,2,1,1,1,8,11,9,10,0,1,0,0,0,1,0,0,1,0,0,1,0
265,1,1,17,0,1,1,1,1,2,3,0,0,0,0,1,1,1,1,0,4,3,3,1,3,5,4,15,14,15,0,0,0,0,0,1,0,0,0,0,0,1,0
266,1,1,17,1,1,0,4,2,1,2,0,0,1,0,1,1,1,0,0,4,3,2,1,1,4,4,15,14,14,0,0,0,1,0,1,0,0,0,0,0,1,0
267,1,0,17,1,1,1,4,3,2,2,0,0,0,0,1,1,1,1,1,2,5,5,1,4,5,8,15,15,15,1,0,0,0,0,1,0,0,0,0,0,1,0
268,1,0,17,0,1,0,4,4,2,2,0,0,1,0,0,1,1,1,0,3,3,3,2,3,4,0,12,12,12,0,0,0,1,0,1,0,0,0,0,0,1,0
269,1,0,16,1,1,1,4,3,1,1,0,0,0,0,1,0,1,1,0,5,4,5,1,1,3,7,14,14,15,0,0,0,1,0,1,0,0,0,0,0,1,0
270,1,0,16,1,0,1,4,4,1,1,0,0,0,1,1,1,1,1,0,5,3,2,1,2,5,4,14,15,15,0,0,1,0,0,0,1,0,0,0,0,1,0
271,1,1,17,1,0,1,4,4,1,2,0,0,1,1,0,1,1,1,1,5,3,1,1,4,5,2,11,11,12,0,0,0,1,0,0,1,0,0,0,0,1,0
272,1,0,17,0,0,1,1,1,2,3,0,0,0,0,0,0,1,1,1,4,3,3,1,1,1,2,13,14,15,0,1,0,0,0,1,0,0,1,0,0,0,0
273,1,1,17,1,0,1,3,3,2,3,0,0,1,0,0,1,1,1,1,4,2,2,2,3,5,10,11,11,11,0,0,1,0,0,1,0,0,1,0,0,1,0
274,1,1,17,1,0,1,1,1,1,2,0,1,0,0,0,0,1,0,1,4,3,2,1,1,4,10,10,9,10,0,0,0,0,0,1,0,0,0,0,0,1,0
275,1,1,18,1,0,1,2,1,2,3,0,0,1,0,0,0,1,1,1,4,4,4,1,1,3,10,12,10,11,0,1,0,0,0,1,0,0,0,0,0,0,1
276,1,0,16,1,0,1,2,1,3,1,0,0,0,0,0,1,1,1,0,4,3,3,1,1,4,7,15,16,16,0,1,0,0,0,1,0,0,0,0,0,1,0
277,1,1,17,1,0,1,1,1,1,2,0,0,1,0,0,1,1,0,0,4,3,4,1,2,5,4,11,10,11,0,1,0,0,0,0,1,0,0,0,0,0,0
278,1,0,17,1,0,1,2,3,2,1,0,0,0,0,0,1,1,1,0,5,2,2,1,1,2,2,9,12,13,0,1,0,0,0,1,0,0,0,0,0,0,0
279,1,0,22,1,0,1,3,1,1,1,3,0,0,0,0,0,0,1,1,5,4,5,5,5,1,12,7,8,5,0,0,1,0,0,0,1,0,0,1,0,1,0
280,1,0,18,0,1,1,3,3,1,2,0,0,1,0,0,1,1,1,1,4,3,3,1,3,5,8,10,9,10,0,1,0,0,0,0,1,0,0,0,0,1,0
281,1,0,16,1,0,1,0,2,1,1,0,0,0,0,0,0,1,1,0,4,3,2,2,4,5,0,11,12,11,0,1,0,0,0,1,0,0,0,1,0,1,0
282,1,0,18,1,0,1,3,2,2,1,0,0,0,0,0,1,0,1,0,4,4,5,2,4,5,8,7,8,7,0,0,1,0,0,1,0,0,0,0,0,1,0
283,1,0,16,1,0,1,3,3,3,2,1,1,1,0,0,0,1,1,0,5,3,3,1,3,2,4,9,11,10,0,0,0,0,0,1,0,0,0,0,1,0,1
284,1,0,18,1,0,1,2,1,1,1,2,0,0,0,0,0,0,1,0,3,2,5,2,5,5,4,7,8,6,0,0,1,0,0,0,1,0,0,1,0,1,0
285,1,0,16,0,0,1,2,1,2,1,0,0,0,0,1,0,1,0,0,3,3,2,1,3,3,2,14,13,12,0,1,0,0,0,1,0,0,0,0,0,1,0
286,1,0,17,0,0,1,2,1,1,1,0,0,0,0,0,0,1,1,0,4,4,2,2,4,5,0,12,12,13,0,1,0,0,0,1,0,0,0,0,0,1,0
287,1,0,17,1,1,1,1,1,2,1,1,0,1,0,1,1,1,1,0,4,4,4,1,2,5,0,9,10,10,1,0,0,0,0,1,0,0,0,0,0,1,0
288,1,1,18,1,1,0,2,1,1,2,0,0,1,0,0,0,1,1,1,4,3,4,1,3,5,2,12,12,13,0,1,0,0,0,1,0,0,0,0,0,1,0
289,1,1,17,1,1,1,4,2,1,4,0,0,1,0,1,1,1,1,0,4,2,3,1,1,4,2,14,15,17,0,0,0,1,0,0,1,0,0,0,1,1,0
290,1,1,19,1,0,1,2,2,1,2,0,0,1,0,0,1,1,1,0,4,3,3,1,1,5,0,10,10,11,0,0,1,0,0,0,1,0,1,0,0,1,0
291,1,0,18,1,1,1,2,1,3,2,1,0,0,0,1,0,0,1,0,4,4,5,4,4,5,4,11,10,11,0,0,1,0,0,1,0,0,0,0,0,1,0
292,1,1,17,0,0,1,4,2,1,3,0,0,1,0,1,1,1,1,0,4,3,4,1,3,5,2,11,12,14,0,1,0,0,0,1,0,0,0,0,0,1,0
293,1,1,18,1,1,1,1,1,1,3,0,0,1,0,0,0,1,0,0,4,4,3,2,3,3,4,11,12,14,0,1,0,0,0,0,0,0,1,0,0,1,0
294,1,1,18,0,0,1,2,2,1,2,0,1,0,0,0,1,1,0,0,3,2,3,1,1,5,4,11,11,13,0,1,0,0,0,1,0,0,1,0,0,1,0
295,1,0,19,1,1,0,4,3,1,2,0,0,1,0,0,1,1,1,0,4,3,1,1,1,1,4,11,13,14,0,0,1,0,0,0,0,0,0,0,1,1,0
296,1,0,18,1,0,1,2,1,1,2,0,0,0,0,1,1,1,1,0,5,2,4,1,2,4,2,16,16,16,0,1,0,0,0,1,0,0,1,0,0,1,0
297,1,0,17,0,0,1,2,2,2,1,0,0,0,0,0,0,0,0,0,5,2,2,1,1,4,0,9,10,10,0,1,0,0,0,0,1,0,0,1,0,1,0
298,1,1,17,1,1,1,2,2,1,4,0,0,0,0,1,1,1,1,1,3,4,1,1,1,2,2,10,11,12,0,0,1,0,0,0,1,0,0,0,0,0,0
299,1,1,20,0,0,1,2,1,2,2,0,0,1,1,1,1,0,1,1,1,2,3,1,2,2,8,10,12,12,0,1,0,0,0,1,0,0,0,0,0,0,1
300,1,1,18,1,0,1,4,3,1,2,0,0,1,0,0,1,1,1,1,3,1,2,1,3,2,2,15,15,15,0,0,1,0,0,1,0,0,1,0,0,0,0
301,1,0,18,1,0,1,4,3,1,2,0,0,1,0,0,0,1,1,0,4,3,2,1,1,3,2,10,10,11,0,0,0,1,0,1,0,0,0,0,0,1,0
302,1,0,18,0,0,1,3,2,1,3,0,0,0,0,1,0,1,0,0,5,3,2,1,1,3,2,10,11,12,0,1,0,0,0,1,0,0,0,0,0,1,0
303,1,1,17,1,0,1,3,3,1,3,0,0,0,0,1,0,1,0,0,3,2,3,1,1,4,2,15,12,13,0,1,0,0,0,1,0,0,1,0,0,1,0
304,1,1,18,1,0,1,2,2,1,3,0,0,1,0,1,1,1,1,1,4,3,3,1,1,3,0,11,12,13,0,0,0,0,0,0,1,0,1,0,0,1,0
305,1,0,17,1,0,1,2,2,2,1,0,0,0,0,0,1,0,1,0,4,4,4,2,3,4,8,8,8,9,0,1,0,0,0,1,0,0,1,0,0,0,0
306,1,0,18,0,1,0,3,4,2,2,0,0,1,0,1,1,1,1,0,4,2,5,3,4,1,6,15,16,16,0,1,0,0,0,1,0,0,0,0,1,1,0
307,1,0,17,1,0,1,3,1,1,2,0,0,0,0,1,1,1,1,1,5,4,4,3,4,5,0,11,11,14,0,0,1,0,0,1,0,0,0,1,0,1,0
308,1,1,18,0,0,1,4,4,2,2,0,0,0,0,1,1,1,1,0,4,3,4,2,2,4,8,10,11,12,0,0,0,1,0,1,0,0,0,0,1,1,0
309,1,0,18,1,0,1,4,2,1,2,0,0,1,0,1,1,1,1,1,5,4,5,1,3,5,4,10,12,14,1,0,0,0,0,1,0,0,0,0,1,0,0
310,1,1,18,0,0,1,2,1,2,2,0,0,1,0,0,1,0,1,1,4,3,5,1,2,3,12,8,9,10,0,1,0,0,0,1,0,0,0,0,1,1,0
311,1,1,19,1,0,1,3,3,1,2,0,0,1,0,1,1,1,1,0,4,3,5,3,3,5,16,11,12,12,0,1,0,0,0,0,1,0,1,0,0,0,1
312,1,1,18,1,0,1,2,3,1,4,0,0,1,0,1,1,1,1,1,4,5,5,1,3,2,10,16,16,16,0,1,0,0,0,0,1,0,0,0,1,0,0
313,1,1,18,1,1,1,1,1,2,2,0,0,1,0,0,0,1,0,0,4,4,3,1,1,3,2,13,13,13,0,1,0,0,0,1,0,0,1,0,0,1,0
314,1,0,17,0,0,1,1,2,1,2,0,0,1,0,1,0,1,0,1,3,5,2,2,2,1,2,16,17,18,0,0,0,0,0,0,0,0,1,0,0,1,0
315,1,1,18,1,0,1,2,1,1,2,0,0,1,0,0,1,1,1,1,4,2,5,1,2,1,8,14,14,15,0,1,0,0,0,1,0,0,1,0,0,1,0
316,1,1,17,1,0,1,2,4,2,2,0,0,1,0,0,1,1,1,1,4,3,3,1,1,1,6,15,16,16,0,0,0,0,1,0,0,0,0,0,1,1,0
317,1,1,17,1,1,1,2,2,2,2,0,1,1,0,0,1,1,1,1,4,4,4,2,3,5,6,12,12,12,0,0,1,0,0,1,0,0,0,0,0,1,0
318,1,1,18,0,0,0,3,2,2,2,0,0,0,0,0,0,0,1,1,4,1,1,1,1,5,15,12,9,10,0,1,0,0,0,0,1,0,1,0,0,1,0
319,1,0,18,1,0,1,4,4,2,1,0,0,0,0,1,1,1,1,0,3,2,4,1,4,3,6,11,12,12,0,0,0,1,0,0,1,0,1,0,0,1,0
320,1,1,18,1,0,1,4,4,1,2,1,1,1,0,1,1,1,1,1,2,4,4,1,1,4,2,14,12,13,1,0,0,0,1,0,0,0,0,0,1,0,0
321,1,1,17,1,0,1,2,2,3,3,0,0,1,0,0,1,1,1,1,4,2,3,1,1,1,8,13,15,15,0,1,0,0,0,0,1,0,0,0,1,0,0
322,1,1,19,0,0,1,3,2,1,2,1,1,1,0,0,1,0,1,0,3,3,3,4,3,3,0,9,8,10,0,0,1,0,0,0,1,0,0,0,1,0,0
323,1,0,18,1,1,1,4,3,2,1,0,0,0,0,1,1,1,1,0,4,2,3,1,2,1,0,10,10,10,0,0,0,1,0,0,1,0,0,0,0,1,0
324,1,0,18,1,0,1,1,2,2,1,0,0,0,0,0,0,0,1,0,3,4,4,2,4,4,10,10,10,11,0,0,0,0,0,1,0,0,1,0,0,0,1
325,1,0,17,1,1,0,4,1,2,1,0,0,0,0,1,1,1,1,1,4,5,4,2,4,5,22,11,11,10,0,0,1,0,0,1,0,0,1,0,0,1,0
326,1,0,17,1,1,0,3,2,1,1,0,0,0,0,0,1,1,1,0,4,4,4,3,4,3,18,13,13,13,0,0,0,1,0,0,1,0,1,0,0,1,0
327,1,1,18,0,1,1,1,1,2,4,0,0,1,0,1,1,1,0,0,5,2,2,1,1,3,2,17,17,18,0,0,0,0,0,1,0,0,0,0,1,1,0
328,1,1,18,1,0,1,1,1,2,2,0,1,0,0,1,1,1,1,0,5,4,4,1,1,4,0,12,13,13,0,1,0,0,0,1,0,0,1,0,0,1,0
329,1,1,17,1,0,1,2,2,1,2,0,0,1,0,0,0,1,1,0,5,4,5,1,2,5,12,12,12,14,0,1,0,0,0,1,0,0,0,0,0,1,0
330,1,1,18,1,0,1,2,1,2,2,0,0,0,0,1,1,1,1,1,4,3,1,1,1,5,10,12,13,14,0,1,0,0,0,1,0,0,0,0,1,1,0
331,1,0,17,1,0,1,1,1,1,2,0,0,0,0,0,0,1,1,0,4,3,3,1,2,4,0,12,12,12,0,1,0,0,0,1,0,0,0,0,1,0,0
332,1,1,18,1,0,1,2,2,1,3,0,0,1,0,0,1,1,1,0,4,3,3,1,2,2,0,18,18,18,0,0,0,0,0,0,0,0,0,1,0,1,0
333,1,1,17,1,0,1,1,1,1,3,0,0,1,0,0,1,1,1,0,4,3,3,1,1,3,0,13,13,14,0,0,1,0,0,0,0,1,0,0,1,1,0
334,1,0,18,1,0,1,2,1,1,3,0,0,0,0,1,1,1,1,0,4,2,4,1,3,2,0,14,15,15,0,0,1,0,0,0,1,0,0,0,1,1,0
335,1,0,18,1,1,0,4,4,1,2,0,0,1,0,1,1,1,1,0,5,4,3,1,1,2,0,17,17,17,0,0,0,1,0,0,0,1,0,0,1,1,0
336,1,0,18,1,0,1,4,2,1,2,0,0,1,0,1,1,1,1,1,4,3,2,1,4,5,2,15,16,16,0,0,0,1,0,1,0,0,1,0,0,1,0
337,1,1,17,1,0,1,4,3,1,3,0,0,1,0,0,1,1,1,0,4,2,2,1,2,3,0,17,18,18,1,0,0,0,0,0,1,0,0,0,1,1,0
338,1,1,17,0,1,1,3,1,2,4,0,0,1,0,0,1,1,0,0,3,1,2,1,1,3,0,18,19,19,0,0,1,0,0,1,0,0,0,0,1,1,0
339,1,0,18,0,1,1,3,2,2,3,0,0,1,0,1,1,1,1,0,5,4,2,1,1,4,0,14,15,15,0,0,1,0,0,1,0,0,0,0,1,1,0
340,1,0,17,1,0,1,3,3,1,1,0,0,1,0,0,1,1,1,0,4,4,3,1,3,5,0,14,15,15,1,0,0,0,0,1,0,0,1,0,0,1,0
341,1,1,19,1,0,1,4,4,2,2,0,0,1,0,1,1,1,1,0,2,3,4,2,3,2,2,14,13,13,1,0,0,0,0,1,0,0,0,0,1,0,1
342,1,1,18,1,1,1,4,3,2,2,0,0,1,0,0,1,1,1,1,4,4,5,1,2,2,0,13,14,14,0,1,0,0,0,1,0,0,1,0,0,0,1
343,1,1,18,1,0,1,4,3,1,4,0,0,1,0,0,1,1,1,0,4,3,3,1,1,3,0,16,17,17,0,1,0,0,0,1,0,0,0,0,1,0,0
344,1,0,18,1,1,1,4,4,1,1,0,0,1,0,0,1,1,1,1,1,4,2,2,2,1,0,18,18,17,0,0,0,1,0,0,0,1,1,0,0,1,0
345,1,1,18,1,1,0,4,4,1,2,0,0,1,1,0,1,1,1,1,4,2,4,1,1,4,0,14,15,15,1,0,0,0,0,1,0,0,1,0,0,1,0
346,1,0,17,1,1,1,4,4,2,1,0,0,0,0,0,1,1,1,0,4,1,1,2,2,5,0,12,13,13,0,1,0,0,0,0,0,1,1,0,0,0,0
347,1,1,17,0,0,1,4,4,2,3,0,0,1,0,1,1,1,1,0,5,3,4,1,1,5,0,7,7,8,0,0,1,0,0,0,1,0,0,0,1,1,0
348,1,1,17,1,0,1,4,2,2,3,0,0,1,0,0,1,1,1,0,4,3,3,1,1,3,0,16,16,16,0,1,0,0,0,1,0,0,0,0,1,1,0
349,1,1,17,1,0,1,3,2,1,4,0,0,1,0,1,0,1,1,0,5,2,2,1,2,5,0,18,18,18,1,0,0,0,1,0,0,0,0,0,1,0,0
350,1,0,19,0,1,1,2,1,2,3,1,0,0,0,1,1,1,1,1,4,3,1,1,1,5,0,9,10,11,0,0,0,0,0,0,1,0,0,0,0,1,0
351,1,0,20,1,0,0,3,2,1,1,2,0,0,0,1,1,1,0,0,5,5,3,1,1,5,0,14,15,15,0,0,1,0,0,1,0,0,0,0,0,0,1
352,1,0,19,0,0,1,3,3,1,2,0,0,0,0,1,1,1,0,1,4,5,3,1,2,5,0,10,10,11,0,1,0,0,0,0,1,0,0,0,1,0,0
353,1,1,18,1,0,1,1,4,1,2,0,1,1,0,0,0,1,0,1,3,4,4,1,2,5,2,10,10,11,0,1,0,0,0,0,0,1,1,0,0,1,0
354,1,1,18,1,0,1,2,1,2,2,0,0,1,0,1,1,1,1,0,5,3,3,1,2,1,2,12,12,15,0,0,1,0,0,1,0,0,0,0,0,1,0
355,1,1,17,1,0,1,2,3,2,2,0,0,0,0,1,1,1,1,1,4,2,1,1,1,3,2,11,12,14,0,1,0,0,0,1,0,0,0,0,0,0,0
356,1,1,17,0,0,1,4,4,1,1,0,0,0,0,1,1,1,1,0,4,4,4,1,1,5,2,15,16,17,0,0,0,1,0,0,0,1,0,0,0,1,0
357,1,1,18,1,0,1,4,3,1,3,0,0,1,0,1,1,1,1,1,4,3,4,1,1,5,2,14,15,17,0,1,0,0,0,1,0,0,0,0,0,1,0
358,1,1,18,1,1,1,4,3,2,1,0,0,1,0,0,1,1,1,0,3,2,4,1,4,1,8,12,12,15,1,0,0,0,0,0,1,0,0,0,0,1,0
359,1,1,17,0,0,1,3,4,1,3,0,0,1,0,1,0,1,1,0,4,3,4,2,5,5,2,15,15,17,0,0,0,0,0,0,1,0,0,0,0,0,0
360,1,1,18,1,0,1,3,3,1,2,0,0,1,0,0,1,1,1,0,4,1,4,1,1,3,8,11,12,14,0,0,0,0,0,1,0,0,0,0,0,0,0
361,1,0,19,1,0,1,4,2,2,2,0,0,1,0,1,1,1,1,1,5,4,4,1,1,1,9,11,10,10,1,0,0,0,0,1,0,0,0,0,0,1,0
362,1,1,18,1,0,1,4,4,1,2,0,0,1,0,0,1,1,1,0,4,4,4,3,3,5,0,12,11,13,0,0,0,1,0,1,0,0,0,0,0,1,0
363,1,1,18,1,0,1,3,4,1,1,0,0,1,0,1,1,1,1,1,5,4,4,1,1,1,4,11,12,14,0,1,0,0,0,1,0,0,0,0,0,1,0
364,1,1,17,1,0,1,4,4,1,1,0,0,0,0,1,1,1,1,0,5,3,4,1,2,5,2,14,15,17,1,0,0,0,1,0,0,0,0,0,0,1,0
365,1,1,17,1,0,0,4,3,1,2,0,0,1,0,0,1,1,1,1,5,2,2,1,2,5,14,15,14,17,0,0,1,0,0,0,1,0,0,0,0,1,0
366,1,1,17,1,1,0,3,3,1,2,0,1,1,0,0,1,1,1,0,5,3,3,1,1,5,0,12,12,13,0,0,1,0,0,1,0,0,1,0,0,1,0
367,1,1,17,1,1,1,2,1,1,2,0,0,0,0,1,1,1,1,0,4,2,3,2,2,2,2,11,12,14,0,1,0,0,0,1,0,0,1,0,0,0,0
368,1,0,18,1,1,1,4,4,1,1,0,0,1,0,0,1,1,1,0,4,2,5,3,4,5,2,8,9,11,0,1,0,0,0,1,0,0,0,0,1,0,0
369,1,1,19,1,0,1,1,1,3,3,0,0,0,0,1,1,0,0,1,1,5,5,4,3,5,12,10,10,11,0,1,0,0,0,1,0,0,0,0,0,0,1
370,1,1,19,1,1,0,1,1,3,2,2,0,1,0,0,0,1,1,1,5,3,4,1,1,4,2,8,8,9,0,1,0,0,0,1,0,0,0,0,0,0,1
371,1,1,18,1,0,1,2,2,1,1,0,0,1,0,1,1,1,1,1,4,3,5,2,4,5,2,10,10,10,0,1,0,0,0,1,0,0,0,0,0,1,0
372,1,1,17,1,0,1,2,2,1,2,0,0,1,0,0,1,1,0,1,4,2,2,1,1,3,4,14,13,13,0,1,0,0,0,1,0,0,0,0,0,1,0
373,1,1,17,0,1,1,2,2,1,3,0,0,1,0,1,1,1,1,0,3,3,2,2,2,3,0,11,11,10,0,0,1,0,0,0,1,0,0,0,0,1,0
374,1,1,17,1,0,1,3,1,1,3,0,0,1,0,0,0,1,1,0,3,4,3,2,3,5,0,17,18,17,0,0,1,0,0,0,1,0,0,0,0,0,0
375,1,1,17,1,1,1,0,2,2,3,0,0,0,0,0,1,1,1,0,3,3,3,2,3,2,0,14,14,15,0,0,0,0,0,0,0,0,1,0,0,0,0
376,1,1,18,1,0,1,1,1,2,3,0,0,0,0,1,1,1,1,0,4,5,5,1,2,2,0,14,14,14,0,1,0,0,0,1,0,0,1,0,0,1,0
377,1,0,18,1,0,1,4,4,1,3,0,0,0,0,1,1,1,1,0,4,3,3,2,2,3,0,13,14,13,0,1,0,0,0,1,0,0,0,0,0,1,0
378,1,0,17,1,0,1,3,3,1,1,0,0,0,0,1,0,1,1,0,4,3,5,3,5,5,0,17,18,17,0,1,0,0,0,0,1,0,0,0,1,1,0
379,1,0,17,0,0,1,2,2,4,1,0,0,1,0,0,1,1,1,0,4,4,5,5,5,4,2,11,10,10,0,0,1,0,0,1,0,0,0,0,0,1,0
380,1,1,17,1,0,1,4,4,1,3,0,0,1,0,1,1,1,1,0,5,4,4,1,3,4,0,13,12,13,0,0,0,1,0,0,1,0,0,0,0,1,0
381,1,1,17,1,0,1,4,4,2,3,0,0,1,0,0,0,1,1,1,4,3,3,1,2,4,4,15,14,15,0,0,0,1,0,0,0,1,0,0,0,1,0
382,1,1,17,1,0,1,3,3,1,1,0,0,1,1,1,1,1,1,0,4,2,5,2,5,5,2,11,12,11,0,0,0,0,0,1,0,0,0,0,0,1,0
383,1,0,18,1,1,1,2,2,1,4,0,0,1,1,1,1,1,1,0,4,5,5,2,4,5,0,11,11,12,0,1,0,0,0,1,0,0,0,0,0,1,0
384,1,0,19,0,0,1,3,2,1,1,0,0,1,0,0,0,1,0,1,5,3,4,2,2,5,0,11,10,10,0,0,0,0,0,0,1,0,1,0,0,0,1
385,1,1,18,1,0,1,2,2,4,2,0,0,0,0,1,1,1,0,1,4,2,5,1,1,2,2,10,9,10,0,0,0,0,0,1,0,0,0,0,0,1,0
386,1,1,17,0,0,1,2,4,1,3,0,0,1,0,0,1,1,1,1,4,4,3,1,1,5,0,15,15,15,0,0,0,0,0,1,0,0,0,0,0,0,0
387,1,0,18,1,0,1,2,2,1,1,0,0,0,0,0,0,1,1,0,5,4,2,1,2,5,6,15,14,15,0,1,0,0,0,1,0,0,0,0,1,1,0
388,1,1,18,1,0,1,3,3,1,2,0,0,0,0,1,1,1,1,0,5,3,4,1,1,4,8,10,11,12,0,0,1,0,0,0,1,0,1,0,0,1,0
389,1,1,18,1,1,1,2,2,1,2,0,0,0,0,1,0,1,1,1,4,3,3,1,1,2,0,10,9,12,0,1,0,0,0,1,0,0,1,0,0,0,1
390,1,1,18,0,0,1,2,2,2,4,0,0,0,0,1,1,1,0,0,4,4,4,1,1,4,6,14,13,14,0,0,0,0,0,1,0,0,0,0,0,1,0
391,1,1,17,1,0,1,3,4,1,3,0,0,0,0,0,1,1,1,0,4,4,5,1,3,5,8,11,13,14,0,0,1,0,0,1,0,0,0,0,0,1,0
392,1,1,17,1,0,1,3,2,1,2,0,0,1,0,0,1,1,1,1,4,3,2,2,3,2,0,12,13,15,0,1,0,0,0,1,0,0,1,0,0,1,0
393,1,1,18,1,1,1,3,3,1,4,0,0,1,0,0,1,1,1,0,5,3,3,1,1,1,4,14,14,15,0,0,1,0,0,0,1,0,1,0,0,1,0
394,1,1,17,0,0,0,3,2,1,2,0,0,1,0,0,1,1,1,0,4,3,3,2,3,2,0,14,14,16,0,1,0,0,0,1,0,0,1,0,0,1,0
395,1,0,18,1,0,1,4,4,1,2,0,0,1,0,1,1,1,1,0,4,3,3,2,2,2,0,12,12,13,0,0,0,1,0,0,1,0,1,0,0,0,0
396,1,0,18,1,1,1,3,4,1,2,0,0,0,0,1,1,1,1,1,4,3,3,1,3,5,6,16,16,17,0,0,1,0,0,1,0,0,1,0,0,1,0
397,1,1,17,1,0,0,2,2,1,2,0,0,1,0,0,1,1,1,1,3,3,1,1,2,4,18,10,12,14,0,0,0,0,0,0,0,0,1,0,0,0,0
398,1,1,18,1,0,1,2,3,1,3,0,0,1,0,0,1,1,1,0,4,3,3,1,2,3,0,11,12,14,0,0,0,0,0,1,0,0,0,0,0,1,0
399,1,1,18,1,0,1,3,2,1,3,0,0,0,0,0,1,1,1,1,5,4,3,2,3,1,4,14,16,17,0,1,0,0,0,0,1,0,0,1,0,1,0
400,1,0,18,0,0,1,4,3,1,3,0,0,0,0,0,1,1,1,1,5,3,2,1,2,4,4,15,14,17,0,0,0,1,0,0,1,0,0,0,0,1,0
401,1,0,18,1,0,1,4,3,1,3,0,0,1,0,0,1,1,1,1,5,4,5,2,3,5,0,14,13,14,0,0,0,1,0,1,0,0,0,0,0,1,0
402,1,1,17,1,0,1,4,3,1,3,0,0,1,0,1,1,1,1,1,4,4,3,1,3,4,0,11,12,13,1,0,0,0,0,1,0,0,0,0,1,1,0
403,1,1,17,1,0,1,2,1,2,2,0,0,1,0,1,1,1,1,1,4,3,4,2,2,1,10,12,15,15,0,0,1,0,0,1,0,0,0,0,0,1,0
404,1,1,17,1,0,1,2,1,1,2,0,0,1,0,1,1,1,1,0,4,3,5,2,4,4,4,12,16,16,0,0,1,0,0,1,0,0,0,0,1,1,0
405,1,1,19,1,1,0,2,3,2,1,1,0,0,0,0,1,0,1,0,2,2,3,3,4,5,16,10,11,11,0,0,0,0,0,1,0,0,1,0,0,0,1
406,1,1,17,1,0,1,3,1,1,1,1,0,1,1,0,1,1,1,1,4,1,2,1,1,3,6,10,13,13,0,1,0,0,0,0,0,0,1,0,0,1,0
407,1,1,21,1,1,1,4,4,1,3,2,0,0,1,1,1,1,1,0,3,3,2,1,1,5,0,9,12,12,0,1,0,0,0,1,0,0,0,0,1,0,1
408,1,0,18,1,1,1,2,2,1,2,0,0,1,0,1,0,0,1,0,4,4,4,1,3,3,11,9,11,12,0,0,1,0,0,0,1,0,0,0,1,1,0
409,1,0,18,1,1,0,3,4,1,2,0,0,0,0,1,1,1,1,1,4,3,5,1,4,2,9,13,14,15,0,1,0,0,0,1,0,0,0,0,1,0,1
410,1,1,17,1,0,1,2,2,1,2,0,0,1,0,1,1,1,1,0,4,3,4,1,3,4,0,13,17,17,0,0,1,0,0,0,1,0,0,0,1,1,0
411,1,0,17,1,1,0,4,4,1,3,0,0,1,0,0,1,1,1,0,4,4,2,1,2,4,2,12,15,15,1,0,0,0,0,1,0,0,0,0,1,1,0
412,1,1,18,1,1,1,4,2,1,2,0,0,1,0,1,1,1,1,0,4,2,2,1,1,3,0,14,17,17,0,0,0,1,0,1,0,0,0,0,0,1,0
413,1,0,21,0,1,1,1,1,2,2,2,0,1,0,1,1,0,1,1,5,3,3,5,2,4,21,9,10,10,0,0,0,0,0,1,0,0,0,0,0,0,1
414,1,1,20,0,0,1,1,1,2,3,0,0,0,0,0,1,1,1,1,3,2,2,1,3,3,8,11,15,15,0,1,0,0,0,1,0,0,0,0,1,0,1
415,1,1,19,1,0,1,4,4,1,1,1,0,1,0,0,1,1,1,1,3,2,5,4,4,5,5,9,10,11,0,0,0,1,0,1,0,0,1,0,0,0,1
416,1,0,17,1,1,0,3,2,1,2,0,0,1,0,0,1,1,1,0,4,4,4,1,2,5,10,16,18,18,0,1,0,0,0,1,0,0,0,0,1,1,0
417,1,1,18,1,0,1,3,2,1,3,0,0,1,0,0,1,1,1,1,4,3,4,1,2,2,5,14,17,17,0,0,0,0,0,1,0,0,0,0,1,0,0
418,1,0,18,0,0,1,2,3,1,1,0,0,0,0,0,1,1,1,0,3,1,3,4,5,4,13,13,14,14,0,1,0,0,0,0,1,0,0,0,1,0,0
419,1,0,19,1,0,1,2,1,1,1,0,0,0,0,0,1,1,1,0,5,3,4,1,4,4,10,7,11,11,0,1,0,0,0,1,0,0,0,0,1,1,0
420,1,1,18,1,1,0,2,2,2,2,0,0,1,0,0,1,1,1,0,4,1,4,1,3,4,10,14,17,17,0,0,1,0,0,1,0,0,0,0,1,1,0
421,1,1,20,1,0,1,1,0,2,1,1,1,0,0,0,1,1,1,1,5,3,1,1,1,5,5,8,10,10,0,1,0,0,0,1,0,0,0,0,1,1,0
422,1,1,18,1,0,1,3,2,1,2,0,0,1,0,1,0,1,1,1,3,1,2,1,2,1,4,10,13,13,0,0,1,0,0,1,0,0,1,0,0,1,0
423,0,1,16,1,0,1,1,3,2,1,0,0,1,0,0,1,0,1,1,4,3,3,1,3,5,11,10,11,11,0,0,0,0,0,1,0,0,0,1,0,0,0
424,0,1,16,0,0,1,2,2,2,2,0,0,1,0,1,1,1,1,0,4,4,4,1,1,5,0,12,12,12,0,1,0,0,0,1,0,0,0,0,0,1,0
425,0,1,15,0,0,1,1,1,1,1,1,0,1,0,0,1,1,0,1,4,1,3,1,1,2,6,10,10,10,0,0,0,0,0,0,1,0,0,1,0,1,0
426,0,1,15,0,0,1,3,3,2,1,0,0,1,0,0,1,1,1,0,5,4,4,2,3,5,4,10,10,11,0,0,0,0,0,1,0,0,0,0,0,1,0
427,0,1,16,0,0,1,2,3,2,2,0,0,0,0,0,1,1,0,0,4,5,2,1,2,5,0,16,17,17,0,0,0,0,0,0,1,0,0,0,0,1,0
428,0,1,15,0,1,1,2,1,2,1,0,0,0,0,0,1,0,0,0,1,3,4,1,1,1,0,6,8,9,0,0,0,0,0,1,0,0,1,0,0,1,0
429,0,0,16,0,1,0,4,4,1,2,0,0,1,0,0,1,1,0,0,5,3,2,1,3,2,5,10,11,11,0,0,0,0,0,1,0,0,1,0,0,1,0
430,0,0,16,1,0,0,1,2,1,3,0,1,0,0,0,1,1,1,0,4,4,3,1,1,5,0,10,11,11,0,1,0,0,0,1,0,0,0,1,0,1,0
431,0,1,17,0,0,1,3,2,1,2,1,0,0,0,0,1,1,0,1,4,5,4,1,2,5,0,10,10,10,0,0,0,0,0,1,0,0,0,0,0,0,0
432,0,1,17,0,0,1,1,1,1,1,1,0,1,0,0,0,0,1,0,5,4,4,2,2,5,0,6,6,7,0,1,0,0,0,1,0,0,0,1,0,0,0
433,0,1,15,0,0,1,4,4,2,1,0,0,0,0,0,1,1,1,1,1,5,1,3,5,5,0,13,14,14,0,0,0,1,0,1,0,0,0,0,0,1,0
434,0,1,16,1,1,0,2,2,2,4,0,0,0,0,1,0,0,0,1,1,2,1,1,1,1,4,10,9,11,0,0,0,0,0,1,0,0,0,0,1,1,0
435,0,1,15,0,1,1,1,1,2,2,0,0,1,0,0,1,1,1,0,5,4,3,1,2,4,0,10,10,10,0,0,0,0,0,0,1,0,0,0,1,0,0
436,0,1,15,0,1,1,1,1,2,1,1,0,1,0,0,1,1,1,1,4,4,3,1,2,2,4,6,7,8,0,1,0,0,0,0,1,0,0,0,0,1,0
437,0,1,16,0,0,1,0,2,2,1,0,0,1,0,1,1,1,0,0,3,2,3,1,2,2,0,12,11,12,0,1,0,0,0,1,0,0,0,1,0,1,0
438,0,1,17,0,0,1,2,3,2,1,0,0,1,0,0,1,1,1,0,5,5,5,1,3,3,2,10,11,12,0,1,0,0,0,1,0,0,0,0,0,1,0
439,0,1,15,0,0,1,3,3,2,1,0,0,0,0,0,0,1,1,0,4,1,3,1,1,4,0,14,16,16,0,1,0,0,0,0,1,0,0,0,0,0,0
440,0,0,16,1,0,1,1,1,2,2,0,0,1,0,1,1,1,0,1,5,4,5,4,5,3,0,7,0,0,0,0,0,0,0,0,1,0,1,0,0,1,0
441,0,0,17,1,0,1,1,1,1,2,0,0,0,1,0,0,1,1,0,4,4,3,2,4,5,4,8,9,9,0,1,0,0,0,1,0,0,1,0,0,1,0
442,0,0,15,0,1,1,4,1,1,2,0,0,1,0,1,1,1,1,0,5,3,4,1,2,2,0,12,13,14,1,0,0,0,0,0,1,0,0,0,1,0,0
443,0,0,15,0,1,1,4,1,1,2,0,0,1,0,1,1,1,1,0,5,3,4,1,2,2,7,7,9,8,1,0,0,0,0,0,1,0,0,0,1,0,0
444,0,0,16,0,0,1,3,4,3,2,0,0,0,0,0,0,1,0,0,3,4,5,1,2,5,4,9,10,11,0,1,0,0,1,0,0,0,0,1,0,1,0
445,0,0,15,0,0,1,1,1,4,2,0,0,1,0,1,1,1,0,1,5,4,5,2,4,4,8,7,9,9,0,1,0,0,0,1,0,0,0,0,0,1,0
446,0,0,15,1,1,1,3,3,1,2,0,0,1,0,1,1,1,1,0,5,3,3,1,1,5,0,11,11,11,0,0,0,0,0,0,0,0,0,0,1,0,0
447,0,0,17,0,0,1,2,1,3,1,0,0,0,0,1,1,0,0,1,5,5,5,5,5,3,8,8,10,9,0,1,0,0,0,1,0,0,0,1,0,1,0
448,0,1,16,0,0,1,4,4,2,3,0,0,0,0,1,1,1,1,1,4,2,2,1,1,4,6,16,16,17,0,0,0,1,0,0,0,1,0,0,0,1,0
449,0,1,15,0,0,1,1,2,2,1,0,0,0,0,0,1,1,0,0,5,1,2,1,1,1,3,11,13,13,0,1,0,0,0,0,1,0,0,0,0,1,0
450,0,1,16,0,0,1,2,3,3,2,0,0,1,0,0,1,1,1,0,4,5,4,1,2,1,2,15,15,15,0,1,0,0,0,0,1,0,0,0,0,1,0
451,0,0,16,0,0,1,1,2,2,2,0,0,0,0,0,1,1,0,0,4,3,3,1,1,5,0,10,11,11,0,1,0,0,0,1,0,0,0,0,0,0,0
452,0,1,16,0,0,1,2,2,3,2,0,0,1,0,0,1,1,1,0,4,4,5,1,1,4,4,9,10,11,0,1,0,0,0,1,0,0,0,0,0,1,0
453,0,1,16,1,0,1,1,2,1,3,1,0,1,0,0,1,1,0,0,1,3,2,1,2,4,0,10,8,8,0,1,0,0,0,0,1,0,0,0,0,1,0
454,0,1,16,1,0,1,1,2,1,3,1,0,1,0,0,1,1,0,0,1,3,2,1,2,4,3,9,8,8,0,1,0,0,0,0,1,0,0,0,0,1,0
455,0,1,15,1,0,1,2,1,1,2,0,1,1,0,0,0,1,1,0,4,4,2,3,3,2,0,9,10,9,0,0,0,0,0,1,0,0,1,0,0,1,0
456,0,1,16,1,0,1,1,1,1,2,0,0,1,0,0,0,1,0,1,5,4,3,2,1,2,0,13,14,15,0,0,0,0,0,1,0,0,0,0,0,0,0
457,0,0,17,0,1,1,1,2,1,1,0,0,1,0,1,1,1,1,0,5,5,5,5,5,3,4,10,11,11,0,0,0,0,0,0,1,0,0,0,1,1,0
458,0,1,16,0,0,1,1,1,4,4,0,0,1,0,0,0,1,1,0,4,3,2,1,1,1,0,13,10,13,0,1,0,0,0,1,0,0,1,0,0,0,0
459,0,1,16,0,0,1,1,1,4,3,0,1,1,0,0,1,1,0,0,4,4,3,1,1,5,2,10,9,10,0,0,0,0,0,1,0,0,0,1,0,0,0
460,0,1,15,0,0,1,1,1,2,2,0,0,1,0,1,1,1,1,0,4,3,3,1,1,2,1,11,10,11,0,0,0,0,0,1,0,0,1,0,0,0,0
461,0,1,16,0,0,1,1,1,2,1,0,0,0,0,1,1,1,1,1,4,2,2,4,3,2,0,13,12,14,0,0,0,0,0,1,0,0,0,1,0,1,0
462,0,1,15,0,0,1,1,1,3,2,0,0,1,0,0,1,1,0,0,4,2,1,1,2,2,0,13,14,14,0,0,0,0,0,0,0,0,0,0,0,0,0
463,0,1,15,0,1,1,2,2,1,3,0,1,1,0,0,1,1,0,0,4,4,3,2,2,5,2,14,11,12,0,1,0,0,0,1,0,0,0,1,0,0,0
464,0,0,16,0,0,1,1,1,2,1,0,0,0,0,1,1,1,0,0,3,4,4,3,4,5,6,11,11,11,0,0,0,0,0,1,0,0,0,1,0,0,0
465,0,1,18,1,0,1,1,2,1,2,1,0,1,0,1,1,1,1,1,3,4,4,2,3,5,9,9,8,8,0,1,0,0,0,1,0,0,0,0,0,0,0
466,0,0,15,1,0,1,3,1,2,1,0,0,1,0,0,1,1,0,0,3,2,3,1,3,4,0,10,9,11,0,1,0,0,0,0,1,0,1,0,0,1,0
467,0,1,16,0,0,1,2,2,3,2,0,0,1,0,1,1,1,1,0,5,3,4,1,1,2,1,14,13,14,0,1,0,0,0,0,1,0,0,0,0,0,0
468,0,0,15,1,0,1,2,2,3,1,0,0,0,0,0,1,1,0,0,4,3,3,1,2,4,1,13,12,13,1,0,0,0,0,1,0,0,0,0,1,1,0
469,0,0,16,1,0,1,4,4,1,2,0,0,1,0,1,1,1,0,1,4,3,1,1,1,3,0,13,12,13,0,1,0,0,0,0,0,1,0,0,0,0,0
470,0,1,15,0,0,1,3,3,1,2,0,0,1,0,0,1,1,1,1,4,5,4,1,1,1,4,13,12,12,0,0,1,0,0,1,0,0,0,0,1,1,0
471,0,1,16,0,0,1,2,2,2,2,1,0,1,0,1,0,1,0,0,4,4,4,2,3,5,2,12,11,12,0,0,0,0,0,1,0,0,0,0,0,1,0
472,0,1,16,0,1,1,2,2,3,1,0,0,1,0,1,1,1,0,1,4,3,2,1,1,4,0,14,14,16,0,1,0,0,0,1,0,0,1,0,0,0,0
473,0,0,16,1,1,1,2,1,2,1,0,0,1,0,1,1,1,1,0,2,4,3,2,3,4,4,10,8,10,0,0,0,0,0,0,1,0,0,0,0,1,0
474,0,0,15,0,1,1,1,3,3,1,0,0,1,0,1,1,1,1,0,4,2,4,3,5,3,2,10,11,11,0,0,0,0,0,1,0,0,0,0,1,0,0
475,0,1,15,1,0,1,2,2,2,3,0,0,1,0,1,1,1,0,0,5,3,2,1,1,4,0,12,13,14,0,1,0,0,0,0,1,0,0,0,0,1,0
476,0,1,16,0,1,1,2,1,1,1,0,0,1,0,0,1,1,1,1,5,4,3,1,1,5,2,10,8,8,0,1,0,0,0,1,0,0,1,0,0,1,0
477,0,0,15,1,0,1,3,3,2,1,0,0,1,0,1,0,1,1,0,4,3,3,2,4,3,11,12,10,11,0,0,1,0,0,0,1,0,0,0,0,0,0
478,0,1,16,0,0,1,1,1,2,2,3,1,1,0,0,1,1,0,0,3,4,3,1,1,1,0,7,7,8,0,0,0,0,0,1,0,0,0,0,0,0,0
479,0,1,17,1,0,1,2,2,1,1,0,0,1,0,1,1,0,0,0,4,5,3,1,1,5,4,9,9,10,0,1,0,0,0,0,0,0,0,0,0,1,0
480,0,1,19,1,0,1,2,3,1,1,1,0,0,0,0,1,0,1,1,4,4,4,1,1,2,0,9,9,10,0,0,0,0,0,0,1,0,0,0,0,0,1
481,0,1,17,0,0,1,2,1,3,1,0,0,1,0,1,1,0,0,1,5,5,3,1,1,3,2,9,10,11,0,0,0,0,0,1,0,0,0,0,0,1,0
482,0,1,15,0,1,1,1,1,2,1,0,0,1,0,0,1,0,0,1,5,2,1,1,3,4,0,9,10,9,0,0,0,0,0,1,0,0,0,0,0,1,0
483,0,1,16,0,0,1,2,2,3,2,0,0,1,0,0,1,0,1,0,3,4,5,1,2,1,1,9,10,11,0,1,0,0,0,1,0,0,0,0,0,0,0
484,0,1,16,1,1,0,2,2,1,1,0,0,1,0,0,1,0,0,0,4,3,4,1,2,1,6,7,7,8,0,1,0,0,0,1,0,0,1,0,0,1,0
485,0,1,17,0,0,1,2,2,2,2,0,0,1,0,0,1,1,1,0,4,3,5,1,2,4,0,11,10,11,0,0,0,0,0,1,0,0,0,0,0,1,0
486,0,1,16,1,0,1,2,2,1,1,1,0,1,1,1,0,1,1,0,4,4,3,1,4,3,1,9,10,10,0,1,0,0,0,0,1,0,0,0,0,0,0
487,0,1,18,0,1,0,3,2,2,3,2,0,1,0,0,0,0,0,1,3,3,2,1,1,2,6,7,9,10,0,1,0,0,0,1,0,0,0,0,0,0,1
488,0,1,19,1,0,1,1,1,1,3,1,0,0,0,1,1,0,0,1,5,3,1,1,1,3,6,7,9,9,0,0,0,0,0,0,1,0,0,0,0,1,0
489,0,0,18,0,0,1,1,1,2,1,1,0,0,0,1,1,0,1,0,4,4,3,3,4,4,0,8,9,10,0,1,0,0,0,1,0,0,1,0,0,1,0
490,0,1,18,0,0,1,1,1,2,1,1,0,0,0,0,0,0,1,1,3,2,3,1,1,2,4,9,11,10,0,0,0,0,0,0,0,0,0,0,0,1,0
491,0,1,19,1,0,1,1,1,2,2,1,0,1,0,0,1,1,1,1,1,1,4,4,1,1,12,7,8,9,0,1,0,0,0,1,0,0,0,0,0,0,1
492,0,1,16,0,0,0,2,2,1,2,0,0,0,0,0,0,1,0,1,3,3,2,1,1,3,2,8,10,10,1,0,0,0,0,1,0,0,0,0,0,1,0
493,0,1,17,1,0,1,0,1,2,1,0,0,0,0,1,0,1,0,0,2,4,4,3,5,5,5,9,9,10,0,1,0,0,0,0,0,0,0,0,0,0,0
494,0,1,16,0,1,1,1,2,1,2,0,0,0,0,1,1,0,1,0,4,4,5,1,3,3,0,8,9,9,0,0,0,0,0,1,0,0,0,0,0,1,0
495,0,1,16,1,0,1,3,3,1,1,0,0,0,0,1,1,0,1,1,4,5,4,1,1,4,0,14,13,13,0,1,0,0,0,1,0,0,0,0,1,1,0
496,0,1,16,0,1,1,1,1,1,1,0,0,1,0,1,1,1,1,1,4,4,4,2,2,4,2,14,14,14,0,0,1,0,0,0,1,0,1,0,0,1,0
497,0,0,17,1,0,1,3,3,2,4,1,0,1,1,1,1,1,0,0,5,4,5,3,4,5,0,10,11,10,0,0,1,0,0,0,0,0,0,0,0,1,0
498,0,1,16,1,0,1,2,1,1,2,0,0,1,0,1,1,1,1,0,5,3,3,1,1,1,0,14,13,14,0,1,0,0,0,0,1,0,0,0,0,1,0
499,0,1,16,1,0,1,2,2,1,1,0,0,1,1,1,1,1,0,1,4,2,5,1,2,5,0,17,16,16,0,0,1,0,0,1,0,0,0,0,0,1,0
500,0,0,17,1,0,1,1,2,1,1,1,0,1,0,1,1,0,1,1,5,3,5,5,5,1,12,6,7,7,0,1,0,0,0,1,0,0,0,0,0,0,0
501,0,0,16,1,1,1,4,3,1,1,0,0,0,0,1,1,1,1,0,4,2,5,1,5,5,8,14,12,13,0,1,0,0,0,1,0,0,0,0,0,0,0
502,0,0,17,0,1,1,2,2,3,4,1,0,1,0,0,1,1,0,0,1,3,5,3,5,3,2,10,8,9,0,0,1,0,0,0,1,0,0,1,0,1,0
503,0,1,16,1,0,1,1,1,1,4,0,1,1,0,1,1,1,1,0,2,2,1,1,1,5,0,14,14,14,0,1,0,0,0,1,0,0,0,0,0,0,1
504,0,1,19,1,1,1,2,2,1,3,0,0,0,0,0,1,1,1,1,5,4,5,1,1,1,0,12,13,13,0,1,0,0,0,1,0,0,1,0,0,1,0
505,0,1,17,0,0,1,1,1,2,1,0,0,1,0,1,0,1,1,1,4,4,5,1,2,5,0,11,11,11,0,0,0,0,0,1,0,0,0,0,1,1,0
506,0,1,20,1,0,1,3,3,2,2,1,0,0,0,1,1,1,1,1,3,3,4,2,4,3,8,11,9,10,0,0,0,0,0,0,1,0,0,1,0,1,0
507,0,1,17,1,1,1,1,1,1,3,0,0,1,0,0,1,1,0,1,4,3,3,1,1,3,0,11,11,10,0,1,0,0,0,0,1,0,0,0,0,0,0
508,0,0,17,0,0,1,2,2,3,1,1,0,1,0,0,0,1,1,0,4,4,5,1,2,5,0,10,9,9,0,1,0,0,0,1,0,0,0,0,0,1,0
509,0,1,16,0,1,1,1,1,3,2,0,0,1,0,0,1,1,0,0,5,3,2,1,1,1,0,16,17,18,0,0,0,0,0,1,0,0,0,0,0,0,0
510,0,1,17,0,0,1,2,2,2,2,0,0,1,0,1,1,1,0,0,5,3,2,1,1,1,0,15,17,17,0,1,0,0,0,1,0,0,0,0,1,1,0
511,0,1,17,1,0,0,1,0,2,2,0,0,0,0,0,1,1,1,1,4,4,5,1,1,4,1,11,9,10,0,1,0,0,0,1,0,0,0,1,0,1,0
512,0,1,18,0,0,1,1,1,1,2,1,0,1,0,0,1,1,1,1,4,3,2,1,1,5,9,7,7,7,0,0,0,0,0,1,0,0,0,1,0,1,0
513,0,1,16,1,0,1,3,1,1,1,0,0,0,0,1,1,1,1,0,3,1,3,1,3,1,0,8,6,8,0,1,0,0,0,1,0,0,0,0,0,1,0
514,0,1,16,1,0,1,3,2,1,1,0,0,0,0,0,1,1,1,0,3,1,3,1,4,3,2,7,6,7,0,0,1,0,0,0,0,0,0,0,0,1,0
515,0,1,18,1,1,1,1,1,2,2,0,1,0,0,0,1,1,0,0,2,3,5,1,4,3,8,9,8,10,0,1,0,0,0,0,0,0,0,0,1,1,0
516,0,1,16,0,0,1,4,4,1,2,0,0,0,0,1,0,1,1,1,4,3,3,2,3,2,0,14,16,16,1,0,0,0,0,0,0,1,0,0,1,0,0
517,0,1,16,0,1,1,1,2,2,1,0,0,0,0,1,1,1,1,0,5,4,5,1,4,2,0,14,14,15,0,1,0,0,0,1,0,0,0,0,1,1,0
518,0,1,18,1,0,0,2,4,1,2,1,0,1,0,0,1,1,1,0,2,3,2,1,3,1,8,8,5,8,0,1,0,0,0,0,1,0,0,0,1,0,0
519,0,0,16,0,0,1,2,1,2,2,0,0,0,0,1,1,1,1,0,5,2,1,1,1,2,0,8,7,0,0,1,0,0,0,0,1,0,0,0,1,1,0
520,0,1,16,1,1,1,1,1,3,2,0,0,1,0,0,1,1,1,0,4,3,2,1,3,5,6,6,8,8,0,0,0,0,0,1,0,0,0,1,0,1,0
521,0,1,16,0,0,1,2,3,2,2,0,0,1,0,1,1,1,1,0,3,3,3,1,1,2,0,8,10,10,0,0,0,0,0,0,1,0,0,1,0,1,0
522,0,1,16,1,0,1,4,4,1,2,0,0,1,0,0,1,1,1,1,4,3,4,1,2,3,4,8,8,8,1,0,0,0,1,0,0,0,0,0,0,1,0
523,0,0,18,1,1,1,4,4,1,4,0,0,1,0,1,1,0,1,1,5,5,5,5,5,5,2,5,6,6,0,0,0,0,1,0,0,0,1,0,0,1,0
524,0,1,16,0,1,1,3,4,3,2,0,0,1,0,0,0,1,0,0,4,2,1,1,1,2,2,7,9,8,0,0,0,0,0,1,0,0,0,1,0,1,0
525,0,0,17,1,1,1,4,4,1,3,0,0,1,0,0,1,1,1,0,4,4,3,1,2,5,0,15,14,16,0,1,0,0,0,0,1,0,1,0,0,1,0
526,0,1,17,0,0,1,4,1,1,1,0,0,0,0,0,1,1,1,1,4,2,3,1,2,5,1,13,14,14,0,1,0,0,0,1,0,0,0,1,0,1,0
527,0,0,16,1,1,1,2,2,4,3,0,0,0,0,0,1,1,0,0,5,1,3,2,2,3,0,10,9,10,0,0,1,0,0,0,1,0,0,1,0,1,0
528,0,1,17,0,0,1,2,2,1,1,0,0,1,1,0,1,1,1,0,5,1,3,1,2,5,5,9,9,9,0,0,0,0,0,1,0,0,0,1,0,1,0
529,0,1,16,1,1,1,4,4,2,1,0,0,1,0,0,1,1,0,0,5,1,3,1,2,5,1,11,11,11,0,0,1,0,0,0,1,0,0,1,0,0,0
530,0,0,17,1,0,1,3,3,1,1,0,0,1,0,1,1,1,1,0,4,1,4,5,5,3,8,7,10,9,0,0,1,0,0,0,1,0,1,0,0,1,0
531,0,0,17,1,0,1,1,1,3,2,0,0,0,0,0,1,1,1,1,5,1,3,3,3,1,0,10,10,10,0,0,0,0,0,0,1,0,0,1,0,1,0
532,0,0,16,1,0,1,2,1,2,2,0,0,0,0,0,0,1,1,1,4,2,2,1,4,5,2,9,7,8,1,0,0,0,0,0,1,0,0,1,0,1,0
533,0,1,16,1,1,1,2,1,1,2,0,0,0,0,0,1,1,1,1,3,2,2,1,1,3,0,14,15,16,0,1,0,0,0,0,1,0,0,1,0,1,0
534,0,0,16,1,1,1,4,4,1,1,0,0,1,0,0,1,1,1,0,4,1,2,2,5,5,0,11,12,12,0,0,0,1,1,0,0,0,0,1,0,0,0
535,0,0,15,0,0,1,1,2,3,2,0,0,1,0,1,1,1,0,0,5,5,5,1,3,5,11,9,11,10,0,1,0,0,0,0,1,0,0,0,0,1,0
536,0,0,15,1,1,0,2,2,3,4,0,0,1,0,1,1,1,0,0,5,4,5,2,3,5,8,13,14,14,0,1,0,0,0,1,0,0,0,0,1,1,0
537,0,0,15,1,1,0,2,1,1,1,0,0,0,0,1,1,1,1,0,4,3,3,1,2,5,11,12,13,12,0,0,1,0,0,0,1,0,0,0,0,1,0
538,0,1,16,0,1,1,2,2,1,3,0,0,1,0,0,0,1,0,1,4,3,3,2,2,5,2,11,11,11,0,1,0,0,0,1,0,0,0,0,0,1,0
539,0,1,16,1,1,1,4,1,2,2,0,0,1,0,1,1,1,1,0,1,2,4,2,2,1,8,9,10,10,0,1,0,0,0,1,0,0,1,0,0,1,0
540,0,1,17,1,0,1,3,2,2,1,0,0,0,0,0,1,1,0,1,4,3,3,2,2,1,5,9,11,11,0,0,0,0,0,1,0,0,1,0,0,1,0
541,0,1,17,0,0,1,2,2,2,2,0,1,0,1,0,1,1,0,0,5,1,3,1,1,5,0,11,9,11,0,1,0,0,0,1,0,0,0,1,0,1,0
542,0,1,16,1,0,1,4,4,2,3,0,0,1,0,0,1,1,1,1,5,3,5,1,4,5,1,10,11,12,0,0,0,1,0,0,1,0,0,0,0,1,0
543,0,0,17,0,0,1,4,4,3,1,3,0,0,0,1,1,1,1,1,3,3,3,1,3,5,2,9,9,8,1,0,0,0,0,1,0,0,0,0,0,0,0
544,0,0,17,0,1,1,1,3,2,1,0,0,0,0,1,1,1,0,1,5,1,2,3,3,5,2,12,11,12,0,1,0,0,0,1,0,0,0,0,0,0,0
545,0,0,17,1,0,1,3,4,1,2,1,0,1,0,1,0,1,1,1,5,4,4,3,4,5,8,8,9,8,0,0,1,0,0,1,0,0,0,1,0,1,0
546,0,1,17,1,0,1,4,4,1,2,0,0,1,0,0,1,1,1,0,5,2,5,1,1,5,0,13,15,16,1,0,0,0,1,0,0,0,0,0,0,0,0
547,0,0,16,0,1,1,4,1,1,1,0,0,0,0,0,1,1,1,0,4,1,2,2,1,2,0,10,11,11,0,1,0,0,0,0,0,0,0,1,0,0,0
548,0,1,17,1,0,0,1,1,1,2,0,0,0,0,1,1,1,1,1,4,5,5,1,2,3,2,11,10,11,0,0,0,0,0,0,0,0,0,1,0,1,0
549,0,1,17,0,0,1,4,2,2,2,0,1,1,0,0,0,1,1,0,4,3,3,2,3,5,0,17,18,18,0,1,0,0,0,1,0,0,0,0,0,1,0
550,0,0,16,1,1,0,2,2,2,2,0,0,1,0,0,0,1,1,1,4,1,2,2,2,5,0,12,13,13,0,1,0,0,0,0,1,0,0,0,0,0,0
551,0,0,17,1,0,1,3,2,2,2,0,0,1,1,0,1,1,1,0,4,1,2,2,2,1,0,13,14,13,0,1,0,0,0,1,0,0,0,1,0,0,0
552,0,0,19,1,0,1,1,1,1,2,2,0,1,0,1,1,0,1,0,4,4,3,3,4,4,2,9,9,10,0,1,0,0,0,1,0,0,0,1,0,1,0
553,0,0,17,1,1,0,1,0,1,1,0,0,0,0,0,1,1,0,1,4,1,2,1,1,5,4,11,11,12,0,1,0,0,0,1,0,0,1,0,0,1,0
554,0,1,17,0,0,1,1,1,2,1,0,0,1,0,1,1,0,1,1,3,5,5,2,2,4,3,10,11,10,0,0,0,0,0,0,0,0,0,0,0,0,0
555,0,1,16,0,0,1,1,2,1,3,0,1,1,0,0,0,1,1,1,4,3,4,1,1,3,5,13,14,13,0,1,0,0,0,1,0,0,1,0,0,0,0
556,0,0,16,0,1,1,1,2,1,1,0,0,0,0,0,1,1,0,0,4,4,4,2,4,5,4,9,10,11,0,1,0,0,0,0,0,0,0,0,0,1,0
557,0,1,17,0,0,1,3,1,2,2,3,0,1,0,1,0,1,1,1,5,4,4,1,1,5,2,7,9,10,0,1,0,0,0,1,0,0,0,0,0,1,0
558,0,0,17,0,0,1,2,2,2,1,0,0,0,0,1,1,0,0,1,5,5,5,3,5,5,0,8,13,10,0,1,0,0,0,1,0,0,0,0,0,1,0
559,0,0,18,0,0,1,1,0,3,1,1,1,1,0,0,1,1,0,0,4,3,2,1,1,4,0,12,12,13,0,0,0,0,0,0,0,0,0,0,0,0,1
560,0,0,17,0,0,1,1,1,2,1,0,0,1,0,1,0,1,1,1,4,5,5,1,3,2,0,10,9,10,0,1,0,0,0,0,1,0,0,0,0,1,0
561,0,0,18,1,1,1,1,1,2,2,0,0,1,0,1,1,1,0,0,4,3,3,1,4,5,6,10,9,10,0,0,0,0,0,0,0,0,0,0,0,1,0
562,0,1,16,0,1,1,2,2,1,2,0,0,0,0,1,1,1,0,1,5,4,3,1,1,1,0,11,13,12,0,1,0,0,0,0,1,0,0,0,0,0,0
563,0,0,17,1,0,1,2,2,1,1,1,0,0,0,1,1,1,0,1,1,2,1,2,3,5,0,7,0,0,0,1,0,0,0,1,0,0,0,0,0,1,0
564,0,0,16,0,0,1,3,2,2,1,0,0,0,0,0,1,1,1,0,4,5,5,2,3,5,2,11,9,10,0,0,1,0,0,1,0,0,0,0,0,0,0
565,0,0,16,0,1,1,1,1,2,1,0,0,0,0,1,1,1,1,0,4,5,5,2,4,5,0,10,10,9,0,0,0,0,0,1,0,0,0,0,0,1,0
566,0,0,18,0,0,1,1,1,2,1,1,0,1,0,0,1,0,1,1,5,3,3,2,3,5,2,9,7,9,0,0,1,0,0,1,0,0,0,0,0,0,1
567,0,0,18,0,0,1,3,2,1,1,1,0,0,0,0,1,0,1,0,2,3,1,2,2,5,0,4,0,0,0,0,1,0,0,1,0,0,0,0,0,1,0
568,0,0,19,1,0,1,3,2,2,1,3,0,0,0,1,1,1,0,0,3,2,1,1,1,3,4,6,11,9,0,0,0,0,0,0,1,0,0,0,0,1,0
569,0,0,18,1,0,1,3,3,1,2,2,0,1,0,1,1,0,1,0,4,4,5,1,3,3,9,4,8,8,0,0,0,0,0,0,0,0,0,0,0,1,0
570,0,0,16,0,0,1,2,2,2,1,0,0,1,0,1,1,1,1,1,5,4,3,2,4,4,6,7,8,8,0,0,1,0,0,0,1,0,0,0,0,1,0
571,0,0,19,1,0,1,2,1,2,1,3,0,0,0,1,0,0,1,1,4,4,3,1,3,5,4,8,9,9,0,0,0,0,0,1,0,0,0,0,0,0,1
572,0,1,16,1,0,0,3,2,2,2,2,0,1,0,1,1,1,0,1,2,5,5,1,1,1,8,5,5,7,0,0,1,0,0,0,0,0,0,0,0,1,0
573,0,1,17,1,0,1,1,1,1,1,0,0,1,0,1,1,1,0,0,4,3,2,1,2,5,9,7,9,10,0,1,0,0,0,0,0,0,0,0,0,1,0
574,0,0,20,0,0,1,1,1,2,1,1,0,1,0,0,1,0,1,1,4,4,3,2,4,4,12,8,11,10,0,1,0,0,0,1,0,0,0,0,0,0,1
575,0,1,18,0,0,0,4,3,1,1,0,0,1,0,0,1,1,1,0,5,4,4,3,4,2,8,10,11,10,0,0,1,0,0,0,1,0,0,0,0,1,0
576,0,0,18,0,0,1,3,2,2,1,0,0,1,0,0,0,1,1,0,2,5,5,5,5,5,8,9,10,11,0,1,0,0,0,1,0,0,0,0,0,1,0
577,0,0,19,0,0,1,1,1,3,2,1,0,0,0,0,1,1,1,0,5,4,4,3,3,2,8,10,9,11,0,1,0,0,0,0,1,0,1,0,0,0,1
578,0,0,17,1,0,1,3,3,2,2,1,0,1,0,0,1,1,1,0,4,5,4,2,3,3,4,8,9,10,1,0,0,0,0,1,0,0,0,0,0,1,0
579,0,0,18,1,1,1,1,3,1,1,0,0,0,0,0,1,0,1,1,4,3,3,2,3,3,0,9,10,9,0,0,0,0,0,0,1,0,0,0,0,1,0
580,0,0,19,0,0,1,1,1,3,1,1,0,1,0,0,1,1,1,0,4,4,4,3,3,5,4,8,9,10,0,1,0,0,0,1,0,0,1,0,0,0,1
581,0,1,18,1,0,0,1,2,2,2,2,0,1,0,0,1,1,0,0,4,3,3,1,1,5,2,6,8,8,0,0,0,0,0,1,0,0,0,0,0,1,0
582,0,1,19,1,1,0,1,1,1,1,0,0,1,0,0,1,0,0,0,1,4,4,1,1,5,0,6,8,7,0,0,0,0,0,1,0,0,0,0,0,1,0
583,0,1,18,0,0,1,2,2,2,1,1,0,0,0,0,1,0,1,1,5,5,5,1,1,3,0,8,6,0,0,1,0,0,0,1,0,0,0,1,0,1,0
584,0,1,17,0,0,1,0,0,2,1,0,0,1,0,0,1,1,1,0,4,4,3,1,1,5,0,10,11,11,0,0,0,0,0,1,0,0,0,0,0,1,0
585,0,1,17,0,1,0,3,1,2,3,0,0,1,1,0,1,0,0,0,4,2,3,2,2,3,5,8,7,8,0,1,0,0,0,0,0,0,0,0,0,0,1
586,0,1,17,1,0,1,4,2,1,2,0,1,1,0,1,1,1,1,0,5,5,5,1,3,5,0,8,8,0,0,0,0,1,0,0,1,0,1,0,0,1,0
587,0,1,18,0,1,1,2,2,1,2,1,0,1,0,1,1,1,1,0,2,3,3,1,2,4,3,7,6,8,0,0,1,0,0,0,1,0,0,0,0,1,0
588,0,1,17,1,0,1,4,1,1,1,0,0,1,0,0,1,1,0,1,3,2,2,1,1,5,0,8,10,9,1,0,0,0,0,0,0,0,0,0,0,1,0
589,0,1,17,1,1,1,1,2,1,1,0,0,0,0,0,1,1,1,0,5,5,1,1,1,3,0,7,10,10,0,0,0,0,0,1,0,0,0,0,0,0,0
590,0,1,18,1,0,1,1,1,3,2,2,0,0,0,1,1,1,0,1,3,4,4,2,2,5,3,7,8,7,0,1,0,0,0,1,0,0,0,0,0,1,0
591,0,1,18,1,0,1,2,2,2,2,0,0,0,0,1,0,1,1,0,4,3,5,1,1,1,2,12,13,14,0,0,1,0,0,0,0,0,0,0,1,0,0
592,0,1,17,1,0,1,3,3,2,1,0,0,1,0,0,1,1,1,0,4,4,3,1,1,4,0,11,12,13,0,0,1,0,0,0,1,0,0,0,0,1,0
593,0,1,18,1,1,0,1,2,2,2,0,0,0,0,0,1,1,1,0,4,4,3,1,2,4,0,12,13,14,0,0,0,0,0,1,0,0,0,0,1,1,0
594,0,1,18,1,0,1,4,4,2,2,0,0,0,0,1,0,1,1,0,4,3,5,1,2,1,0,18,18,18,0,0,0,1,0,0,0,1,0,0,1,1,0
595,0,0,18,1,1,1,4,4,1,1,0,0,1,0,1,1,1,1,0,5,4,5,1,1,5,3,17,17,17,0,0,1,0,0,1,0,0,0,0,1,1,0
596,0,1,17,1,0,1,4,2,2,2,0,0,1,0,0,1,1,1,0,4,3,3,1,2,4,0,17,18,18,0,1,0,0,0,1,0,0,0,0,0,1,0
597,0,1,18,0,0,1,2,2,3,2,1,0,0,0,1,1,1,0,1,4,3,3,1,1,4,0,9,0,0,0,0,0,0,0,1,0,0,0,0,0,1,0
598,0,0,18,1,1,1,1,2,2,1,0,0,1,0,0,0,1,0,0,4,1,4,5,5,1,8,10,11,11,0,0,0,0,0,0,1,0,1,0,0,1,0
599,0,0,18,0,0,1,4,4,3,1,0,0,1,1,1,1,1,1,1,2,5,5,1,1,1,5,12,13,14,0,0,0,0,0,0,1,0,0,1,0,1,0
600,0,0,17,0,0,1,1,1,3,1,0,0,0,0,0,0,0,0,0,4,2,3,3,4,4,4,12,13,14,0,1,0,0,0,0,1,0,0,1,0,0,0
601,0,1,18,1,0,1,2,2,2,2,0,0,1,0,0,0,1,1,1,1,3,1,1,1,2,4,8,8,10,0,1,0,0,0,1,0,0,0,0,0,1,0
602,0,1,18,1,1,1,2,2,2,3,0,0,0,0,0,1,1,1,1,5,4,5,1,4,3,0,11,12,13,0,0,1,0,0,0,1,0,0,0,0,0,0
603,0,1,18,0,1,0,4,2,1,2,0,0,0,0,1,1,1,1,1,5,3,1,1,1,5,0,5,0,0,0,0,0,1,0,1,0,0,0,0,1,1,0
604,0,1,18,1,0,1,1,1,3,2,1,0,0,0,0,1,0,0,0,4,4,2,1,2,2,2,9,10,10,0,0,0,0,0,0,1,0,0,0,0,1,0
605,0,1,19,1,0,1,1,1,2,1,1,0,0,0,0,1,0,0,0,5,5,5,2,3,2,0,5,0,0,0,0,0,0,0,0,1,0,0,1,0,0,0
606,0,1,17,1,0,1,4,2,2,4,0,0,0,0,0,1,1,1,1,4,2,3,3,1,5,0,18,18,18,0,0,0,1,0,1,0,0,0,0,0,0,0
607,0,1,17,0,1,0,2,1,2,2,0,0,0,0,1,1,1,1,1,5,3,3,1,2,2,5,11,11,12,0,0,1,0,0,1,0,0,0,0,1,1,0
608,0,1,18,1,1,0,1,1,1,2,0,0,0,0,0,1,1,0,1,5,2,3,1,2,3,2,8,10,11,0,0,0,0,0,0,1,0,0,0,0,1,0
609,0,1,18,1,0,1,1,2,2,2,0,0,1,0,0,1,0,0,0,4,1,1,1,1,4,0,11,11,12,0,0,0,0,0,0,0,0,0,0,0,0,0
610,0,1,19,0,0,0,1,1,2,2,3,0,1,0,1,1,0,0,1,3,5,4,1,4,1,0,8,0,0,0,0,0,0,0,0,0,0,0,0,0,0,1
611,0,1,18,0,0,1,2,2,2,3,0,0,0,0,0,1,1,1,1,4,2,1,1,1,4,5,14,14,15,0,0,1,0,0,1,0,0,1,0,0,1,0
612,0,0,17,0,0,1,4,3,2,2,1,0,1,1,1,0,1,1,1,4,5,5,1,3,2,4,10,11,11,0,0,1,0,0,1,0,0,1,0,0,1,0
613,0,1,18,1,0,1,3,3,1,2,0,0,1,0,0,1,1,0,1,5,3,4,1,1,5,0,10,10,10,0,0,1,0,0,0,1,0,0,0,0,0,0
614,0,1,17,0,0,1,4,4,2,2,0,0,1,1,1,1,1,1,0,4,3,3,1,2,5,2,12,12,12,0,0,0,1,0,0,1,0,0,1,0,0,0
615,0,1,17,1,1,0,3,2,2,2,0,0,0,0,0,1,1,0,1,1,2,3,1,2,5,0,15,14,15,0,0,1,0,0,1,0,0,0,0,1,1,0
616,0,0,18,1,1,1,1,1,2,1,0,0,0,0,0,0,1,1,1,3,3,2,1,2,3,2,14,13,14,0,1,0,0,0,0,1,0,1,0,0,0,0
617,0,1,18,1,1,1,1,1,2,3,0,0,0,0,0,1,1,1,0,5,3,2,1,1,4,0,19,17,18,0,0,0,0,0,0,1,0,0,0,0,0,0
618,0,1,18,0,1,0,1,2,3,2,0,0,0,0,0,1,1,0,1,4,3,4,1,4,5,0,16,15,15,0,0,0,0,0,1,0,0,0,0,0,1,0
619,0,1,18,1,0,1,3,3,2,2,0,0,1,0,0,1,1,1,1,4,3,2,1,3,3,6,13,12,13,0,0,1,0,0,0,1,0,0,1,0,1,0
620,0,1,17,1,1,1,4,4,1,2,0,0,1,0,1,1,1,1,1,2,3,4,1,1,1,4,15,14,15,0,0,0,0,0,0,0,0,0,0,0,1,0
621,0,1,17,0,0,1,1,2,2,2,0,0,0,0,0,0,1,0,0,3,2,2,1,2,3,0,13,13,13,0,1,0,0,0,0,1,0,0,0,0,0,0
622,0,0,18,0,0,1,1,3,2,2,0,0,1,1,0,1,1,0,0,3,3,4,2,4,3,0,8,10,9,0,0,0,0,0,1,0,0,0,0,0,1,0
623,0,0,18,1,1,1,4,4,2,3,0,0,0,0,0,1,1,1,1,4,2,2,2,2,5,0,15,16,16,0,0,0,1,0,0,1,0,0,1,0,1,0
624,0,1,17,0,0,1,1,1,3,1,1,0,1,0,0,1,1,1,1,5,2,1,1,2,1,0,8,8,9,0,1,0,0,0,0,1,0,0,0,1,1,0
625,0,1,18,1,0,1,2,3,2,1,0,0,1,0,0,1,1,1,1,5,2,3,1,2,4,0,10,10,10,0,0,0,0,0,0,1,0,0,0,0,0,0
626,0,1,18,0,0,1,4,4,3,2,0,0,1,0,0,0,1,1,1,3,2,2,4,2,5,0,7,5,0,0,1,0,0,0,0,0,1,0,1,0,0,0
627,0,0,18,0,1,1,1,2,3,1,0,0,1,0,1,1,0,1,1,4,3,3,2,3,3,3,9,10,10,0,0,0,0,0,0,1,0,0,1,0,0,0
628,0,1,17,1,0,1,2,2,1,3,0,0,0,0,1,1,1,0,1,3,4,3,1,1,3,8,10,11,12,0,1,0,0,0,0,0,0,1,0,0,1,0
629,0,1,17,0,0,1,1,2,1,1,0,0,0,0,1,1,1,1,0,3,5,5,1,3,1,4,7,8,9,0,1,0,0,0,1,0,0,0,0,0,1,0
630,0,1,18,0,1,1,4,4,2,3,0,0,0,0,0,1,1,1,0,5,4,4,1,1,1,0,15,17,17,0,1,0,0,0,1,0,0,0,0,1,1,0
631,0,1,18,0,0,1,1,1,4,3,0,0,0,0,0,1,1,1,0,4,3,2,1,2,4,4,10,11,12,0,1,0,0,0,1,0,0,1,0,0,1,0
632,0,1,19,0,0,1,1,1,2,2,1,0,1,0,0,1,1,1,1,4,3,3,1,1,3,4,7,8,9,0,0,0,0,0,1,0,0,0,0,0,0,1
633,0,1,18,0,1,1,4,4,1,2,0,0,0,0,1,1,1,1,0,5,4,3,3,4,2,1,13,14,14,0,0,0,1,0,0,1,0,0,0,0,1,0
634,0,1,18,1,0,1,3,3,1,2,0,0,0,0,0,1,1,1,1,4,1,3,1,2,1,1,16,16,16,0,1,0,0,0,1,0,0,1,0,0,1,0
635,0,1,17,0,0,1,3,1,1,2,0,0,1,0,1,0,1,1,0,4,5,4,2,3,1,10,8,9,9,0,0,0,0,0,1,0,0,0,0,1,1,0
636,0,0,18,1,0,1,4,4,1,2,0,0,0,0,1,0,1,1,0,3,2,4,1,4,2,4,17,18,19,0,0,0,1,0,0,0,1,1,0,0,0,0
637,0,0,18,0,0,1,2,1,2,1,0,0,0,0,1,0,1,1,1,4,4,3,1,3,5,0,7,7,0,0,1,0,0,0,1,0,0,0,1,0,1,0
638,0,0,17,1,0,1,2,3,2,2,0,0,0,0,1,1,1,1,0,4,4,3,1,1,3,4,14,15,16,0,1,0,0,0,0,1,0,1,0,0,0,0
639,0,0,19,0,0,1,1,1,2,1,1,0,0,0,0,1,1,0,0,4,3,2,1,3,5,0,5,8,0,0,1,0,0,0,0,1,0,0,1,0,1,0
640,0,0,18,0,0,1,4,2,2,1,1,0,0,1,0,1,1,0,0,5,4,3,4,3,3,0,7,7,0,0,1,0,0,0,1,0,0,1,0,0,0,0
641,0,1,18,0,0,1,2,2,2,3,0,0,0,0,0,1,1,0,0,5,3,3,1,3,4,0,14,17,15,0,0,0,0,0,1,0,0,0,1,0,1,0
642,0,1,17,1,0,1,4,3,2,2,0,0,0,0,0,1,1,1,0,5,5,4,1,1,1,0,6,9,11,0,0,0,1,0,1,0,0,0,1,0,1,0
643,0,1,18,0,0,1,4,4,3,1,0,0,1,0,1,1,1,1,1,4,4,3,2,2,5,4,7,9,10,0,0,0,1,0,0,0,0,0,0,1,1,0
644,0,1,19,0,0,1,2,3,1,3,1,0,0,0,1,0,1,1,0,5,4,2,1,2,5,4,10,11,10,0,0,1,0,0,1,0,0,0,0,0,1,0
645,0,1,18,1,1,1,3,1,1,2,0,0,1,0,0,1,1,1,0,4,3,4,1,1,1,4,15,15,16,0,0,0,1,0,0,1,0,0,0,0,1,0
646,0,1,18,1,0,1,1,1,2,2,0,0,0,0,1,1,1,0,0,1,1,1,1,1,5,6,11,12,9,0,1,0,0,0,1,0,0,0,0,0,1,0
647,0,0,17,1,1,1,3,1,2,1,0,0,0,0,0,0,1,1,0,2,4,5,3,4,2,6,10,10,10,0,0,1,0,0,0,1,0,0,0,0,1,0
648,0,0,18,0,1,1,3,2,3,1,0,0,0,0,0,0,1,1,0,4,4,1,3,4,5,4,10,11,11,0,0,1,0,0,1,0,0,0,0,0,1,0
